"block","totalContainers","sourceNode","destinationNode","containerID","containerCPU","averageCPU","stddevCPU","minCPU","maxCPU","algorithm","testCase"
"0","1000","","","","","196.03516","80.147","0","520","SINGLE","AVERAGE"
"1","1000","bb1780a3-b922-41ea-8dfd-2e0f8aa7bbdb","3afe6060-ac21-4dec-bd72-98f16f3795bf","e4ff5547-4d3c-4ebd-8c61-82fc51fb06e0","90","196.03516","79.44388","0","463","SINGLE","AVERAGE"
"2","1000","78fc2b69-61a0-43a7-b5b4-0593803fb6e4","c54c6eb9-2dbd-4498-bf11-9f154d01cc85","fc8c7b1a-8e5f-44ed-b780-fd21cef1f543","90","196.03516","78.74075","10","456","SINGLE","AVERAGE"
"3","1000","504c6ccf-ec6f-40bc-a084-2b39b4b95c43","312d2f7d-6a22-4f0a-af4d-ba950de21d53","8e1a7b84-70c4-4f69-9b2d-c66a51b581f3","89","196.03516","78.04544","12","437","SINGLE","AVERAGE"
"4","1000","41a9a4e1-577f-4593-80ce-0de27f6c8456","581456f4-b9d2-40ce-a137-f58c0d565dba","50090421-8330-4cb8-b9e8-4f79f8693b34","84","196.03516","77.38919","19","436","SINGLE","AVERAGE"
"5","1000","a080a0cd-ec8a-444a-8c81-f103aebda9a9","55779f96-b2cd-46b1-a36a-765f165f2966","ae161dea-2e40-4ea0-8fb7-7664e4705b73","81","196.03516","76.75638","28","430","SINGLE","AVERAGE"
"6","1000","bb1780a3-b922-41ea-8dfd-2e0f8aa7bbdb","d0d8bbd3-adb1-42dc-af06-ee3090fcba4d","2ee6b739-379e-42a8-b077-b1c86b487a66","88","196.03516","76.06888","28","427","SINGLE","AVERAGE"
"7","1000","6fd20565-9334-4fe8-8013-3cacd3969104","36bb2f9e-555f-4290-9019-d9a364353f5c","28a242c9-68e9-4003-8c9e-ebf0e0cd2f75","90","196.03516","75.36575","34","426","SINGLE","AVERAGE"
"8","1000","dbcfc34b-9900-4029-a045-0f64d393fce7","331baf05-39d4-44de-884e-a9a18d241fb6","96d485da-951a-46c6-b345-ccf366816525","81","196.03516","74.73294","36","422","SINGLE","AVERAGE"
"9","1000","332027db-f8ad-44f5-9279-f22eca0fca02","66fc528e-083c-4b66-b413-22a16979cc4a","a44e175a-c4a1-4dcb-8f06-347967734aef","70","196.03516","74.186066","39","416","SINGLE","AVERAGE"
"10","1000","e0bda20d-85b6-4aa3-996a-96a298a52fb9","ccad609f-f1a4-4b75-99cc-ecbb5871a7fd","76802e4d-199c-48fe-a37d-62598209ef48","87","196.03516","73.50638","41","413","SINGLE","AVERAGE"
"11","1000","67a37ebf-aedf-4cba-8bc7-66d6ec29146e","3eb3782b-0ccd-4238-8ac4-a6916053adb8","17a9418e-cb81-47c8-83f7-5006e3d2110b","90","196.03516","72.80325","42","398","SINGLE","AVERAGE"
"12","1000","2b86ec36-6661-4151-b941-999e1870e90e","e2111eac-ad84-484f-911b-e060668e3b41","1dccf72a-3bf2-471b-9492-5d72ca864826","74","196.03516","72.22513","43","394","SINGLE","AVERAGE"
"13","1000","6fc58bb3-a844-40a8-8959-101f31c8d53f","9207febe-46b0-4c2e-ae62-5b675e41f638","06fbd01c-22ae-40dd-babc-fa659c8fee56","87","196.03516","71.54544","46","392","SINGLE","AVERAGE"
"14","1000","bd6ceea7-5285-40ee-b054-fe1b20469149","d2b487c5-7532-42f3-87ee-4252294f7b0d","7f3ed1dd-9953-4612-bbbc-db4483cf5d78","81","196.03516","70.91263","47","388","SINGLE","AVERAGE"
"15","1000","062451e1-6642-49a0-8784-3a482a4f6811","1450a1d9-1c9a-4d03-8696-7741051172e1","a859b4ca-179c-4d78-9064-4fd6528a5299","90","196.03516","70.2095","49","383","SINGLE","AVERAGE"
"16","1000","38cfbd18-4482-49d7-9805-e91a357c324e","e6dbecca-2e61-4ab2-b321-ccb4a3043d82","f00ecaf8-b259-4ef9-bc1b-e3c284296d36","89","196.03516","69.51419","51","375","SINGLE","AVERAGE"
"17","1000","f5fbb58a-d911-455d-8a78-01ee423d2e58","d18d91fb-c485-4339-8eb2-4abd232d9d3e","ec195f1f-3e52-4091-a001-80b61c5325b4","88","196.03516","68.82669","53","374","SINGLE","AVERAGE"
"18","1000","3b7bd385-3e0e-43fb-b394-025b5f3e7db2","1eb3ca6f-0058-4fcb-bfd6-d6efd9898954","2c1e58bb-a6e5-4383-9d40-99e9f9ea22ae","81","196.03516","68.19388","58","373","SINGLE","AVERAGE"
"19","1000","78fc2b69-61a0-43a7-b5b4-0593803fb6e4","cff64569-a899-4a52-937e-a903f72edb45","fed9a72f-9e2e-47b0-a435-45b5567e4a0f","66","196.03516","67.67825","59","373","SINGLE","AVERAGE"
"20","1000","08f8c876-f65f-4e79-aebc-e0182afd95f4","edad4bdd-9bac-4886-bb40-0f1cba817535","5ee7a382-057d-448e-9aa4-7d9cecd5bd7c","84","196.03516","67.022","62","370","SINGLE","AVERAGE"
"21","1000","76c2a6d0-b385-4b13-ad04-9e946a5b444c","5520e3f7-9e86-431d-bdce-28fe01149217","6f8b6a64-b0f9-457d-8e51-3ba8c45a046a","90","196.03516","66.31888","63","370","SINGLE","AVERAGE"
"22","1000","8c44d340-714c-4e78-bcea-f2805dbb8a82","3950d29e-212a-4529-ad13-e8f5e6caff5e","0e9d7cf7-8135-4e9c-a213-8df2c71fbae2","70","196.03516","65.772","65","367","SINGLE","AVERAGE"
"23","1000","504c6ccf-ec6f-40bc-a084-2b39b4b95c43","136ec2dc-1dfd-4dad-ad1a-8649bd41226a","772f56b0-e851-482e-bb89-a3cd870caada","87","196.03516","65.092316","66","365","SINGLE","AVERAGE"
"24","1000","efe7f4c1-8a67-4d2c-88de-7a32456622b6","9a6fb80e-3c3b-4e95-9f87-3ac24b865a9a","5c40cd3c-289f-416e-b2aa-f7a87587a95d","87","196.03516","64.41263","66","364","SINGLE","AVERAGE"
"25","1000","2abb9041-e460-440c-83a5-296ddb667734","08444572-3c56-47a7-a18e-146cf1ffb61f","04e9f00b-4bf8-471f-b9dd-05847a788874","88","196.03516","63.72513","72","355","SINGLE","AVERAGE"
"26","1000","6690e240-7c59-4b65-a6bf-8418cad5ff59","20ff273c-0c6a-493e-9c98-0833571ded09","01996102-05b9-4e7a-8195-596de02dc605","87","196.03516","63.04544","74","355","SINGLE","AVERAGE"
"27","1000","a080a0cd-ec8a-444a-8c81-f103aebda9a9","00ea9bab-652e-4bee-a7d1-36370f41269a","6fe494a3-70db-482a-af6d-d61b6903e176","76","196.03516","62.45169","76","353","SINGLE","AVERAGE"
"28","1000","41a9a4e1-577f-4593-80ce-0de27f6c8456","288eb9cb-41c7-4afd-8f2e-c478e410139f","17c158ab-a5d2-41bc-8003-02794e1bda2b","67","196.03516","61.928253","78","352","SINGLE","AVERAGE"
"29","1000","332027db-f8ad-44f5-9279-f22eca0fca02","a187f60d-29ec-431d-999b-02bc0c08300b","ddab154b-bf9f-45e7-8bee-99a60dac3c48","70","196.03516","61.38138","80","349","SINGLE","AVERAGE"
"30","1000","e4991dfd-b9f8-4297-b93b-6697d43d83cf","f0a8a611-3012-4e81-8f2d-fa10393f19bf","a27dae27-2d4c-4e25-8d25-82486b5bb8ff","86","196.03516","60.709503","82","347","SINGLE","AVERAGE"
"31","1000","3b21cae0-2ccd-4dd5-a6da-c02d9cc22a94","01a496ae-40ae-48a7-aa27-f38a405ac98d","47237bb0-c200-4705-94ad-bb1723dd3ca1","83","196.03516","60.061066","82","345","SINGLE","AVERAGE"
"32","1000","dbcfc34b-9900-4029-a045-0f64d393fce7","45a097d9-2467-42a1-b041-35f529279e5a","641e34ea-e726-4515-a46c-b30924c6e5fa","80","196.03516","59.436066","84","345","SINGLE","AVERAGE"
"33","1000","246404b5-060e-4107-9098-7591d592c359","93112451-4940-40fe-b46c-6fffe994f2f8","ac1b2fbb-ae90-4919-bd11-b873f5c131a4","89","196.03516","58.740753","85","342","SINGLE","AVERAGE"
"34","1000","bb1780a3-b922-41ea-8dfd-2e0f8aa7bbdb","54282d69-d40c-4e5f-a66c-393c3cb355f8","dd95d233-f732-4682-8702-6aae4965a70f","86","196.03516","58.06888","86","340","SINGLE","AVERAGE"
"35","1000","85ba38e3-4796-4b46-8d9f-f6f264db3872","aa168222-75cc-484c-9567-a2bef7df3ab7","9adb64e4-e2b6-4c8f-bc5c-edea3d24c1ca","73","196.03516","57.498566","88","337","SINGLE","AVERAGE"
"36","1000","6fd20565-9334-4fe8-8013-3cacd3969104","ea606211-175b-418d-aacb-dca1bd2a85b0","aa17b934-f712-49f2-983d-33ed78cc4dbd","85","196.03516","56.834503","90","333","SINGLE","AVERAGE"
"37","1000","24cbad18-7d95-44a4-8639-de1ade369e92","3afe6060-ac21-4dec-bd72-98f16f3795bf","246d743a-998c-41da-84cf-0979a6b3ae98","81","196.03516","56.20169","90","329","SINGLE","AVERAGE"
"38","1000","e0bda20d-85b6-4aa3-996a-96a298a52fb9","c54c6eb9-2dbd-4498-bf11-9f154d01cc85","edab0d6d-d5dd-493b-8fc9-5ef7c56b730c","81","196.03516","55.56888","91","324","SINGLE","AVERAGE"
"39","1000","2b86ec36-6661-4151-b941-999e1870e90e","6e91b59a-1d65-4bd8-b0d8-128756472163","3b2f5395-b569-44d8-a5f8-bb849dcef7cc","72","196.03516","55.00638","91","323","SINGLE","AVERAGE"
"40","1000","67a37ebf-aedf-4cba-8bc7-66d6ec29146e","b384e3ad-959c-4108-82cd-f3420d5428ca","db0eefbb-c4b6-45cb-87f1-3ef8ce8f79a6","89","196.03516","54.311066","92","317","SINGLE","AVERAGE"
"41","1000","6b125ce3-716e-4315-bb6e-8ceb85953abf","38390233-c17b-47a4-a9f6-2d0e2446659f","296c281b-7907-4074-868f-a86ed0a9fa17","82","196.03516","53.67044","94","315","SINGLE","AVERAGE"
"42","1000","21c6ebc0-ae18-4fcd-aad5-2025498919a1","1618e3cc-adc3-4180-afd0-42336793d18c","358afe00-9d25-4b7c-9ab5-4124b239d2ab","72","196.03516","53.10794","95","314","SINGLE","AVERAGE"
"43","1000","aac5eaad-eb44-420c-8295-5c015f75f8b8","b0cc40fd-0623-477d-9d30-a2445f09d117","9895cbb4-d723-474f-9a4a-fb2d8964f153","83","196.03516","52.459503","95","314","SINGLE","AVERAGE"
"44","1000","96c83fdc-1e1d-43a6-84e8-e3a1b6f3ee4d","62920baa-7253-4aeb-b224-ee25b0ea5007","0b797a53-3151-4129-9da9-92241157fb02","82","196.03516","51.81888","96","313","SINGLE","AVERAGE"
"45","1000","ab36fd3f-fdee-429d-bc3e-da9396c49f85","581456f4-b9d2-40ce-a137-f58c0d565dba","2b51a0e8-ee3d-40e1-ba97-f79d08fc98f3","79","196.03516","51.20169","98","312","SINGLE","AVERAGE"
"46","1000","21574219-358e-40b2-a6a9-1ce63789a2ab","f9db01f3-c221-42e4-9b95-274b4d6f7677","9ba32810-2c13-4cbf-b9dc-7bf91aafe129","89","196.03516","50.50638","99","311","SINGLE","AVERAGE"
"47","1000","bd6ceea7-5285-40ee-b054-fe1b20469149","8d314d3a-e369-4f74-aa60-2c6c732e0e7e","351685d5-1d31-4a07-a711-e36321cc6dcb","76","196.03516","49.91263","99","307","SINGLE","AVERAGE"
"48","1000","6fc58bb3-a844-40a8-8959-101f31c8d53f","20a7f5e3-60a2-4ff1-ad2d-58de4a0f07de","45890618-8253-40e1-b03f-d9effedc413a","64","196.03516","49.41263","99","307","SINGLE","AVERAGE"
"49","1000","78fc2b69-61a0-43a7-b5b4-0593803fb6e4","312d2f7d-6a22-4f0a-af4d-ba950de21d53","73ae378e-8e2a-4397-9575-f02723a58319","52","196.03516","49.00638","100","307","SINGLE","AVERAGE"
"50","1000","c8252aa7-294f-4617-b903-0cc755013fb5","55779f96-b2cd-46b1-a36a-765f165f2966","fd5df1b4-894a-40ca-80d3-2e1996789347","86","196.03516","48.334503","100","305","SINGLE","AVERAGE"
"51","1000","9b47b198-e5a8-4023-838c-9c81b037db40","a128fc94-0eac-45af-9a3e-c88b602019f3","92c65bf2-4ba4-4bd0-96fa-928374edf29c","84","196.03516","47.678253","101","304","SINGLE","AVERAGE"
"52","1000","2d0017e4-9af7-4f13-88b6-8ec74ef469ec","6c6b3dfa-4847-440b-be3d-1b666f72bc99","09eea53f-9ecf-4a6d-8b8c-994fe94004f6","77","196.03516","47.07669","101","302","SINGLE","AVERAGE"
"53","1000","22ef4403-8973-414c-9ca7-8ec4e492aa46","a7ee06a0-7486-4ae1-8ac5-4bdc1344f0ca","37beafdf-cfbf-494f-946e-ef8182267fae","85","196.03516","46.41263","103","302","SINGLE","AVERAGE"
"54","1000","3abb3152-0f0c-4ede-9596-ae7ef527b9d9","e71b40f5-1e20-4d6e-a87c-b49053737589","948bc913-c1f4-46bd-979c-04c643df51f0","74","196.03516","45.834503","104","300","SINGLE","AVERAGE"
"55","1000","48a6f0b0-da38-4d1a-8e97-513e7beff4b5","3c5cfc27-47f0-44cb-aec0-760a0b969fbd","13cf305c-6959-4077-9f8a-c881d3f68112","68","196.03516","45.303253","105","300","SINGLE","AVERAGE"
"56","1000","8c44d340-714c-4e78-bcea-f2805dbb8a82","f2b2ee8e-f6cc-42b3-9166-4075d5efab7d","b36ad278-cf65-44ed-b799-9885a0e1f5b3","67","196.03516","44.779816","106","298","SINGLE","AVERAGE"
"57","1000","062451e1-6642-49a0-8784-3a482a4f6811","66fc528e-083c-4b66-b413-22a16979cc4a","e39189ff-e6f4-447e-8137-4a73ae757ff0","85","196.03516","44.115753","110","294","SINGLE","AVERAGE"
"58","1000","38cfbd18-4482-49d7-9805-e91a357c324e","8b687f1f-77f2-4791-bcac-60758f80cd9e","cb653ec3-7f4b-4242-8431-528b6dfd7024","86","196.03516","43.44388","111","294","SINGLE","AVERAGE"
"59","1000","dbe364e4-4c68-4127-beb2-51edfffc641e","b8eec8fb-0fb8-4cf8-8fe8-e0978b7fd3c2","3c0e42ad-e3e3-4d4d-861e-fd680edf76de","89","196.03516","42.77954","112","293","SINGLE","AVERAGE"
"60","1000","3b7bd385-3e0e-43fb-b394-025b5f3e7db2","778a276b-25ba-431e-937e-82664d4216ea","d3d1d9cc-b862-4e2c-809a-ade753c010d5","71","196.03516","42.224854","114","293","SINGLE","AVERAGE"
"61","1000","e1732767-d906-461e-bab9-77162f4eb561","ce9c913a-b941-4830-8c69-54529db01193","0fe290d9-da65-44a0-a04d-6ebe926f016d","86","196.03516","41.583954","115","291","SINGLE","AVERAGE"
"62","1000","7c0d14d4-27b1-466d-8a78-04bc0d914167","331baf05-39d4-44de-884e-a9a18d241fb6","e51dfefd-02ee-4969-9700-9e3fa9ca45b3","76","196.03516","40.990204","115","289","SINGLE","AVERAGE"
"63","1000","52687c11-5984-4ba2-9ea4-e91b4506b0f6","cc6646ab-4092-4807-911e-ffdae8f9bebe","933a3813-7cdd-4fae-9f79-115d54165c1b","79","196.03516","40.373016","116","289","SINGLE","AVERAGE"
"64","1000","08f8c876-f65f-4e79-aebc-e0182afd95f4","d0d8bbd3-adb1-42dc-af06-ee3090fcba4d","3c4559fb-8815-4fc7-86d0-05c8f637f3d6","79","196.03516","39.75583","116","287","SINGLE","AVERAGE"
"65","1000","f5fbb58a-d911-455d-8a78-01ee423d2e58","e2111eac-ad84-484f-911b-e060668e3b41","56407964-6396-474b-9e88-37a9821ffe66","86","196.03516","39.130554","116","286","SINGLE","AVERAGE"
"66","1000","41a9a4e1-577f-4593-80ce-0de27f6c8456","386d6420-c742-4cb8-a9a1-9ebeeb53c295","5c57743c-8e4c-49e9-9680-aa3e223d13ef","62","196.03516","38.64618","118","286","SINGLE","AVERAGE"
"67","1000","07a24fd7-bf5c-4998-a86a-5cc7fa39a0bb","521b5ae1-0ae1-4729-9b25-8c678f4f4a58","0a2fd5ff-5cf3-46ac-9092-82273f067bc7","77","196.03516","38.044617","118","283","SINGLE","AVERAGE"
"68","1000","d599fdb6-47f1-4e3d-8851-0247c012dd62","36bb2f9e-555f-4290-9019-d9a364353f5c","40f371ab-ffe8-4f59-bd77-f8cf51556860","88","196.03516","37.443054","118","282","SINGLE","AVERAGE"
"69","1000","332027db-f8ad-44f5-9279-f22eca0fca02","9006c72b-5564-477e-98c3-7dc9552687d8","f062fd03-e467-466d-9701-45e2c6d98786","65","196.03516","36.93524","119","281","SINGLE","AVERAGE"
"70","1000","9639c2c0-657d-41af-a6de-95286e1b95d0","e9265c34-a938-4d26-bea2-e8fcd0bb5764","ad05ed1f-db3f-4013-acd8-5bbe29552f2c","90","196.03516","36.37274","121","280","SINGLE","AVERAGE"
"71","1000","76c2a6d0-b385-4b13-ad04-9e946a5b444c","7198344d-0868-4ad3-bebd-a85a8e5579ea","e6abc3e1-3c81-4d5e-92c7-dc8a9dabcc1b","77","196.03516","35.78653","121","280","SINGLE","AVERAGE"
"72","1000","504c6ccf-ec6f-40bc-a084-2b39b4b95c43","57f57366-7989-4caf-92f1-1e38307d448b","3323d05f-18cb-4df0-966d-5bc0ad7c6987","77","196.03516","35.200317","123","279","SINGLE","AVERAGE"
"73","1000","a080a0cd-ec8a-444a-8c81-f103aebda9a9","aff84b3e-3b84-4bbb-9612-ef0088d6a125","3a22ba83-4118-43df-850a-37917c30bba0","71","196.03516","34.64563","124","278","SINGLE","AVERAGE"
"74","1000","efe7f4c1-8a67-4d2c-88de-7a32456622b6","c7913994-8433-4d89-b057-eee8a06ee01f","3fe2c8d4-97b3-46af-bb47-080283b3bcc7","86","196.03516","34.11438","124","277","SINGLE","AVERAGE"
"75","1000","ac142c95-e13f-46b8-8912-794ee6be2a09","5f925d9f-1ccc-40b0-a19a-ee0d0b43f451","f99b03bd-10e0-4427-80fb-c3e59b275ac7","85","196.03516","33.58313","124","276","SINGLE","AVERAGE"
"76","1000","2abb9041-e460-440c-83a5-296ddb667734","cff64569-a899-4a52-937e-a903f72edb45","96e8b95b-d57d-4bd1-951a-8477ebe8def2","86","196.03516","33.067505","126","276","SINGLE","AVERAGE"
"77","1000","f9044d0c-9ede-47af-bff5-c383a1d71ed1","27e135cc-2e17-490e-b189-df7dd59e60fc","a0cb9b51-f1d8-41a0-8d9e-10f1bcf5c877","75","196.03516","32.520355","126","276","SINGLE","AVERAGE"
"78","1000","a4d20ce4-ae64-4ac9-a290-713044cc1706","aa53c781-56de-4f62-94ee-bc631cf5d7ef","d1e131a0-f940-4f97-901d-8d024dc9550d","80","196.03516","31.97348","126","275","SINGLE","AVERAGE"
"79","1000","8a8978c3-ff1e-4ea9-9b98-b75f67aa81bb","0255fbee-cc15-47cc-85d5-0cd989853b04","d6301a7e-2f71-4581-9e2b-3995f213e54c","63","196.03516","31.481293","126","274","SINGLE","AVERAGE"
"80","1000","1d4266dd-9943-4aa7-9851-19a4b6b8a66d","ccad609f-f1a4-4b75-99cc-ecbb5871a7fd","56754f2d-2266-4977-ba15-a0f3896e34e5","87","196.03516","31.00473","127","270","SINGLE","AVERAGE"
"81","1000","4b8563c8-b13c-4f3e-a2c5-5ae19ed3d9b5","d2b487c5-7532-42f3-87ee-4252294f7b0d","e92d22a7-560f-43e6-a165-cd302a1d50dc","72","196.03516","30.465393","127","269","SINGLE","AVERAGE"
"82","1000","6521bf74-3478-4ead-9297-cef516b9f909","201b20e6-0f76-461e-b9c8-14953414da90","463f7a5c-e94f-406a-a45e-cca46c558bda","90","196.03516","30.059143","129","269","SINGLE","AVERAGE"
"83","1000","0704f43e-a6b2-406f-b616-67f9c468d38e","bb84c74e-89a1-452f-845f-65028c42b1ac","acbc95b7-950d-4b95-a336-e9e74ab63c2f","84","196.03516","29.621643","129","268","SINGLE","AVERAGE"
"84","1000","6690e240-7c59-4b65-a6bf-8418cad5ff59","9560d482-10aa-4f7f-94d0-5e5cbf232b28","6e538a4f-94a2-4dde-8c49-b6359e20352c","80","196.03516","29.160706","130","268","SINGLE","AVERAGE"
"85","1000","05f64f50-562c-4d55-8831-ad5a88ea192d","f0c1fe82-75bf-4d9a-a2bf-e85ab87b33fc","83c758ea-47e2-44fe-9e07-de5dddf30813","83","196.03516","28.731018","130","267","SINGLE","AVERAGE"
"86","1000","85ba38e3-4796-4b46-8d9f-f6f264db3872","430b0876-c35b-4641-b48f-eaefc4c9cc5a","034aeb68-0440-496e-9032-8edf4349845b","72","196.03516","28.223206","130","266","SINGLE","AVERAGE"
"87","1000","d52decc1-9a6d-4667-b2ac-b5418dfb125d","b9225b3a-9571-469b-92ee-574ac894a2b1","e8b7aee0-5535-434b-99c0-65ea57bb4c5f","79","196.03516","27.777893","130","266","SINGLE","AVERAGE"
"88","1000","81e164f2-6f06-4058-9a74-5a6c70d4a8bb","623592ab-7877-4ccf-aaa1-ac41c9dd9155","3e18ed1e-4ab7-406f-ad5c-ef106a832a26","81","196.03516","27.348206","130","265","SINGLE","AVERAGE"
"89","1000","dbcfc34b-9900-4029-a045-0f64d393fce7","9207febe-46b0-4c2e-ae62-5b675e41f638","3f59c223-faf0-4445-b7d5-1e0642a3efe4","77","196.03516","26.89508","131","264","SINGLE","AVERAGE"
"90","1000","82b646fb-9bac-4872-bb02-5cfc87f32104","6262e093-468e-44d8-8488-19f2bcf75ea7","0422c787-2e7e-4b9b-8cb7-3e0dcb9e8a53","88","196.03516","26.543518","131","264","SINGLE","AVERAGE"
"91","1000","a97af9f5-19ea-48c7-b566-c1dd973ef967","3eb3782b-0ccd-4238-8ac4-a6916053adb8","51cf1533-6ab5-4aba-a5d1-0a1eb6a5703c","89","196.03516","26.199768","131","264","SINGLE","AVERAGE"
"92","1000","3b21cae0-2ccd-4dd5-a6da-c02d9cc22a94","bd5af442-363d-4d46-8f41-75d8c780ea81","54c4c596-addd-4d6f-94fb-df9a65764319","63","196.03516","25.70758","133","263","SINGLE","AVERAGE"
"93","1000","e19cb592-0b1d-42b6-a92e-ca898abac96f","afa4d4e1-f429-4061-8f8c-1e3a0dadd4cb","fc60e7ca-590d-4f7e-b61a-c8ceb6da6744","89","196.03516","25.387268","133","263","SINGLE","AVERAGE"
"94","1000","f634199a-3f9d-4652-8dbf-a6fe9f0590d4","3950d29e-212a-4529-ad13-e8f5e6caff5e","4d9a20ca-b60d-4fd0-a169-b2e063be9652","90","196.03516","25.074768","134","263","SINGLE","AVERAGE"
"95","1000","e4991dfd-b9f8-4297-b93b-6697d43d83cf","754882c3-7558-49c0-b8a2-ce92ebc35939","963e189f-92d1-45ca-9846-6745bd395922","76","196.03516","24.660706","134","262","SINGLE","AVERAGE"
"96","1000","ab02565e-a38d-4e95-ac58-6284f1dfe98b","1eb3ca6f-0058-4fcb-bfd6-d6efd9898954","fec66472-1263-4f7f-9368-08dd4048775f","73","196.03516","24.231018","135","261","SINGLE","AVERAGE"
"97","1000","7aa1aa75-506a-45b1-a67a-3a90334e4e18","0d97be0d-7466-403a-9bbf-6c81a02bd1b9","4e508d8f-d4c1-4d39-acd1-49853760a91b","74","196.03516","23.824768","136","258","SINGLE","AVERAGE"
"98","1000","3208d22c-1b37-460e-a9e7-86cea5440ddf","0aa7c028-8bce-4c0e-b2bc-05d4d0992075","126b546f-303d-40db-8fc0-9f585d057ccf","81","196.03516","23.504456","137","257","SINGLE","AVERAGE"
"99","1000","4c16e62b-216b-4a08-b2aa-5ad92aaa6b7a","b90b563c-2f1f-4809-aac4-65c30cf92452","86596062-676e-42be-9a8e-e094073da5af","68","196.03516","23.098206","137","256","SINGLE","AVERAGE"
"100","1000","bb1780a3-b922-41ea-8dfd-2e0f8aa7bbdb","1450a1d9-1c9a-4d03-8696-7741051172e1","31cc480c-5907-4932-a035-cc7cf5242933","83","196.03516","22.816956","138","256","SINGLE","AVERAGE"
"101","1000","246404b5-060e-4107-9098-7591d592c359","e6dbecca-2e61-4ab2-b321-ccb4a3043d82","cabe3fca-caf5-472b-8d1d-26cf0fc6366f","81","196.03516","22.527893","139","255","SINGLE","AVERAGE"
"102","1000","78fc2b69-61a0-43a7-b5b4-0593803fb6e4","d18d91fb-c485-4339-8eb2-4abd232d9d3e","2114dba2-63c3-4bc6-ab39-a200de28c7ed","52","196.03516","22.121643","141","253","SINGLE","AVERAGE"
"103","1000","50dd178a-05c4-4e1c-9047-36bb5807354e","3c3cf0a1-21ee-404a-a002-bfc32ccadf7f","8282352c-dc05-420f-ac11-cb81e3e1b35a","73","196.03516","21.816956","142","253","SINGLE","AVERAGE"
"104","1000","50dd542c-67f1-44ba-9e8c-7c111e55e7b3","d234abcf-d727-4866-bcf6-98089902b462","32a184b9-5bb8-42a3-bfb6-1300dd957173","88","196.03516","21.637268","143","252","SINGLE","AVERAGE"
"105","1000","f0aae533-0607-4f37-b9d3-266ef0159206","288eb9cb-41c7-4afd-8f2e-c478e410139f","9c9d9f04-0899-4f23-9050-213a6bff3929","84","196.03516","21.441956","143","252","SINGLE","AVERAGE"
"106","1000","e7750bd4-3a71-4062-8599-f82563add8c4","edad4bdd-9bac-4886-bb40-0f1cba817535","837aacd4-b8cd-44b6-a7e4-8f871aeba478","67","196.03516","21.11383","143","252","SINGLE","AVERAGE"
"107","1000","6fd20565-9334-4fe8-8013-3cacd3969104","73dbbfef-626d-4573-9b8b-7f07c9af1c28","1d8daa7a-6b64-4dd4-8ad8-68db220facd5","75","196.03516","20.848206","144","252","SINGLE","AVERAGE"
"108","1000","2b86ec36-6661-4151-b941-999e1870e90e","5b98abd4-013d-4788-8f72-06d7ac2dafa2","31aba21b-9732-43e3-8598-25a841651212","65","196.03516","20.512268","146","252","SINGLE","AVERAGE"
"109","1000","24cbad18-7d95-44a4-8639-de1ade369e92","57aee80e-54b2-442b-bb60-a80df3817287","6fbcdb8f-b116-4b31-947d-0ddaccfe1236","61","196.03516","20.160706","148","249","SINGLE","AVERAGE"
"110","1000","3d7afd80-4e61-4a98-a2ad-0aa6fd8e08b5","a187f60d-29ec-431d-999b-02bc0c08300b","fe028d64-071d-4177-bc66-9494078e0960","87","196.03516","20.05133","150","249","SINGLE","AVERAGE"
"111","1000","fa59b61f-3494-4ed0-bd7a-af6539e2ea45","00ea9bab-652e-4bee-a7d1-36370f41269a","94ba80b6-2eb6-43c6-8d37-c541f176443a","85","196.03516","19.941956","151","248","SINGLE","AVERAGE"
"112","1000","e0bda20d-85b6-4aa3-996a-96a298a52fb9","bc274ef4-48a3-4158-b8d3-21d399a56557","26dd8b98-f8f2-473f-8bcd-e09535edb102","79","196.03516","19.80133","151","245","SINGLE","AVERAGE"
"113","1000","dbfccd4b-bd0f-4b6a-b6e8-86cfa9f6be21","312d2f7d-6a22-4f0a-af4d-ba950de21d53","10b50ecc-5a23-4a64-9f68-4f2f8a803732","82","196.03516","19.70758","152","243","SINGLE","AVERAGE"
"114","1000","87d7be4f-7aad-41b3-84f0-131154c291fc","8e10f0d1-85a1-465f-95a6-fe4c06c0bb9e","f9cb8119-abcd-4131-8592-aeee95cd5356","89","196.03516","19.691956","152","243","SINGLE","AVERAGE"
"115","1000","6fc58bb3-a844-40a8-8959-101f31c8d53f","93e9c22c-6617-4136-8c4a-666ec65f5e75","9c2aace9-365b-404c-99c1-9e54d3f5f341","62","196.03516","19.465393","152","243","SINGLE","AVERAGE"
"116","1000","21c6ebc0-ae18-4fcd-aad5-2025498919a1","136ec2dc-1dfd-4dad-ad1a-8649bd41226a","eb90ff1b-e5c0-4782-aa99-c24f1f60acbe","70","196.03516","19.30133","152","241","SINGLE","AVERAGE"
"117","1000","","","","","196.03516","19.30133","152","241","SINGLE","AVERAGE"
"118","1000","","","","","196.03516","19.30133","152","241","SINGLE","AVERAGE"
"119","1000","","","","","196.03516","19.30133","152","241","SINGLE","AVERAGE"
"120","1000","","","","","196.03516","19.30133","152","241","SINGLE","AVERAGE"
"121","1000","","","","","196.03516","19.30133","152","241","SINGLE","AVERAGE"
"122","1000","","","","","196.03516","19.30133","152","241","SINGLE","AVERAGE"
"123","1000","","","","","196.03516","19.30133","152","241","SINGLE","AVERAGE"
"124","1000","","","","","196.03516","19.30133","152","241","SINGLE","AVERAGE"
"125","1000","","","","","196.03516","19.30133","152","241","SINGLE","AVERAGE"
"126","1000","","","","","196.03516","19.30133","152","241","SINGLE","AVERAGE"
"127","1000","","","","","196.03516","19.30133","152","241","SINGLE","AVERAGE"
"128","1000","","","","","196.03516","19.30133","152","241","SINGLE","AVERAGE"
"129","1000","","","","","196.03516","19.30133","152","241","SINGLE","AVERAGE"
"130","1000","","","","","196.03516","19.30133","152","241","SINGLE","AVERAGE"
"131","1000","","","","","196.03516","19.30133","152","241","SINGLE","AVERAGE"
"132","1000","","","","","196.03516","19.30133","152","241","SINGLE","AVERAGE"
"133","1000","","","","","196.03516","19.30133","152","241","SINGLE","AVERAGE"
"134","1000","","","","","196.03516","19.30133","152","241","SINGLE","AVERAGE"
"135","1000","","","","","196.03516","19.30133","152","241","SINGLE","AVERAGE"
"136","1000","","","","","196.03516","19.30133","152","241","SINGLE","AVERAGE"
"137","1000","","","","","196.03516","19.30133","152","241","SINGLE","AVERAGE"
"138","1000","","","","","196.03516","19.30133","152","241","SINGLE","AVERAGE"
"139","1000","","","","","196.03516","19.30133","152","241","SINGLE","AVERAGE"
"140","1000","","","","","196.03516","19.30133","152","241","SINGLE","AVERAGE"
"141","1000","","","","","196.03516","19.30133","152","241","SINGLE","AVERAGE"
"142","1000","","","","","196.03516","19.30133","152","241","SINGLE","AVERAGE"
"143","1000","","","","","196.03516","19.30133","152","241","SINGLE","AVERAGE"
"144","1000","","","","","196.03516","19.30133","152","241","SINGLE","AVERAGE"
"145","1000","","","","","196.03516","19.30133","152","241","SINGLE","AVERAGE"
"146","1000","","","","","196.03516","19.30133","152","241","SINGLE","AVERAGE"
"147","1000","","","","","196.03516","19.30133","152","241","SINGLE","AVERAGE"
"148","1000","","","","","196.03516","19.30133","152","241","SINGLE","AVERAGE"
"149","1000","","","","","196.03516","19.30133","152","241","SINGLE","AVERAGE"
"150","1000","","","","","196.03516","19.30133","152","241","SINGLE","AVERAGE"
"151","1000","","","","","196.03516","19.30133","152","241","SINGLE","AVERAGE"
"152","1000","","","","","196.03516","19.30133","152","241","SINGLE","AVERAGE"
"153","1000","","","","","196.03516","19.30133","152","241","SINGLE","AVERAGE"
"154","1000","","","","","196.03516","19.30133","152","241","SINGLE","AVERAGE"
"155","1000","","","","","196.03516","19.30133","152","241","SINGLE","AVERAGE"
"156","1000","","","","","196.03516","19.30133","152","241","SINGLE","AVERAGE"
"157","1000","","","","","196.03516","19.30133","152","241","SINGLE","AVERAGE"
"158","1000","","","","","196.03516","19.30133","152","241","SINGLE","AVERAGE"
"159","1000","","","","","196.03516","19.30133","152","241","SINGLE","AVERAGE"
"160","1000","","","","","196.03516","19.30133","152","241","SINGLE","AVERAGE"
"161","1000","","","","","196.03516","19.30133","152","241","SINGLE","AVERAGE"
"162","1000","","","","","196.03516","19.30133","152","241","SINGLE","AVERAGE"
"163","1000","","","","","196.03516","19.30133","152","241","SINGLE","AVERAGE"
"164","1000","","","","","196.03516","19.30133","152","241","SINGLE","AVERAGE"
"165","1000","","","","","196.03516","19.30133","152","241","SINGLE","AVERAGE"
"166","1000","","","","","196.03516","19.30133","152","241","SINGLE","AVERAGE"
"167","1000","","","","","196.03516","19.30133","152","241","SINGLE","AVERAGE"
"168","1000","","","","","196.03516","19.30133","152","241","SINGLE","AVERAGE"
"169","1000","","","","","196.03516","19.30133","152","241","SINGLE","AVERAGE"
"170","1000","","","","","196.03516","19.30133","152","241","SINGLE","AVERAGE"
"171","1000","","","","","196.03516","19.30133","152","241","SINGLE","AVERAGE"
"172","1000","","","","","196.03516","19.30133","152","241","SINGLE","AVERAGE"
"173","1000","","","","","196.03516","19.30133","152","241","SINGLE","AVERAGE"
"174","1000","","","","","196.03516","19.30133","152","241","SINGLE","AVERAGE"
"175","1000","","","","","196.03516","19.30133","152","241","SINGLE","AVERAGE"
"176","1000","","","","","196.03516","19.30133","152","241","SINGLE","AVERAGE"
"177","1000","","","","","196.03516","19.30133","152","241","SINGLE","AVERAGE"
"178","1000","","","","","196.03516","19.30133","152","241","SINGLE","AVERAGE"
"179","1000","","","","","196.03516","19.30133","152","241","SINGLE","AVERAGE"
"180","1000","","","","","196.03516","19.30133","152","241","SINGLE","AVERAGE"
"181","1000","","","","","196.03516","19.30133","152","241","SINGLE","AVERAGE"
"182","1000","","","","","196.03516","19.30133","152","241","SINGLE","AVERAGE"
"183","1000","","","","","196.03516","19.30133","152","241","SINGLE","AVERAGE"
"184","1000","","","","","196.03516","19.30133","152","241","SINGLE","AVERAGE"
"185","1000","","","","","196.03516","19.30133","152","241","SINGLE","AVERAGE"
"186","1000","","","","","196.03516","19.30133","152","241","SINGLE","AVERAGE"
"187","1000","","","","","196.03516","19.30133","152","241","SINGLE","AVERAGE"
"188","1000","","","","","196.03516","19.30133","152","241","SINGLE","AVERAGE"
"189","1000","","","","","196.03516","19.30133","152","241","SINGLE","AVERAGE"
"190","1000","","","","","196.03516","19.30133","152","241","SINGLE","AVERAGE"
"191","1000","","","","","196.03516","19.30133","152","241","SINGLE","AVERAGE"
"192","1000","","","","","196.03516","19.30133","152","241","SINGLE","AVERAGE"
"193","1000","","","","","196.03516","19.30133","152","241","SINGLE","AVERAGE"
"194","1000","","","","","196.03516","19.30133","152","241","SINGLE","AVERAGE"
"195","1000","","","","","196.03516","19.30133","152","241","SINGLE","AVERAGE"
"196","1000","","","","","196.03516","19.30133","152","241","SINGLE","AVERAGE"
"197","1000","","","","","196.03516","19.30133","152","241","SINGLE","AVERAGE"
"198","1000","","","","","196.03516","19.30133","152","241","SINGLE","AVERAGE"
"199","1000","","","","","196.03516","19.30133","152","241","SINGLE","AVERAGE"
"200","1000","","","","","196.03516","19.30133","152","241","SINGLE","AVERAGE"
"201","1000","","","","","196.03516","19.30133","152","241","SINGLE","AVERAGE"
"202","1000","","","","","196.03516","19.30133","152","241","SINGLE","AVERAGE"
"203","1000","","","","","196.03516","19.30133","152","241","SINGLE","AVERAGE"
"204","1000","","","","","196.03516","19.30133","152","241","SINGLE","AVERAGE"
"205","1000","","","","","196.03516","19.30133","152","241","SINGLE","AVERAGE"
"206","1000","","","","","196.03516","19.30133","152","241","SINGLE","AVERAGE"
"207","1000","","","","","196.03516","19.30133","152","241","SINGLE","AVERAGE"
"208","1000","","","","","196.03516","19.30133","152","241","SINGLE","AVERAGE"
"209","1000","","","","","196.03516","19.30133","152","241","SINGLE","AVERAGE"
"210","1000","","","","","196.03516","19.30133","152","241","SINGLE","AVERAGE"
"211","1000","","","","","196.03516","19.30133","152","241","SINGLE","AVERAGE"
"212","1000","","","","","196.03516","19.30133","152","241","SINGLE","AVERAGE"
"213","1000","","","","","196.03516","19.30133","152","241","SINGLE","AVERAGE"
"214","1000","","","","","196.03516","19.30133","152","241","SINGLE","AVERAGE"
"215","1000","","","","","196.03516","19.30133","152","241","SINGLE","AVERAGE"
"216","1000","","","","","196.03516","19.30133","152","241","SINGLE","AVERAGE"
"217","1000","","","","","196.03516","19.30133","152","241","SINGLE","AVERAGE"
"218","1000","","","","","196.03516","19.30133","152","241","SINGLE","AVERAGE"
"219","1000","","","","","196.03516","19.30133","152","241","SINGLE","AVERAGE"
"220","1000","","","","","196.03516","19.30133","152","241","SINGLE","AVERAGE"
"221","1000","","","","","196.03516","19.30133","152","241","SINGLE","AVERAGE"
"222","1000","","","","","196.03516","19.30133","152","241","SINGLE","AVERAGE"
"223","1000","","","","","196.03516","19.30133","152","241","SINGLE","AVERAGE"
"224","1000","","","","","196.03516","19.30133","152","241","SINGLE","AVERAGE"
"225","1000","","","","","196.03516","19.30133","152","241","SINGLE","AVERAGE"
"226","1000","","","","","196.03516","19.30133","152","241","SINGLE","AVERAGE"
"227","1000","","","","","196.03516","19.30133","152","241","SINGLE","AVERAGE"
"228","1000","","","","","196.03516","19.30133","152","241","SINGLE","AVERAGE"
"229","1000","","","","","196.03516","19.30133","152","241","SINGLE","AVERAGE"
"230","1000","","","","","196.03516","19.30133","152","241","SINGLE","AVERAGE"
"231","1000","","","","","196.03516","19.30133","152","241","SINGLE","AVERAGE"
"232","1000","","","","","196.03516","19.30133","152","241","SINGLE","AVERAGE"
"233","1000","","","","","196.03516","19.30133","152","241","SINGLE","AVERAGE"
"234","1000","","","","","196.03516","19.30133","152","241","SINGLE","AVERAGE"
"235","1000","","","","","196.03516","19.30133","152","241","SINGLE","AVERAGE"
"236","1000","","","","","196.03516","19.30133","152","241","SINGLE","AVERAGE"
"237","1000","","","","","196.03516","19.30133","152","241","SINGLE","AVERAGE"
"238","1000","","","","","196.03516","19.30133","152","241","SINGLE","AVERAGE"
"239","1000","","","","","196.03516","19.30133","152","241","SINGLE","AVERAGE"
"240","1000","","","","","196.03516","19.30133","152","241","SINGLE","AVERAGE"
"241","1000","","","","","196.03516","19.30133","152","241","SINGLE","AVERAGE"
"242","1000","","","","","196.03516","19.30133","152","241","SINGLE","AVERAGE"
"243","1000","","","","","196.03516","19.30133","152","241","SINGLE","AVERAGE"
"244","1000","","","","","196.03516","19.30133","152","241","SINGLE","AVERAGE"
"245","1000","","","","","196.03516","19.30133","152","241","SINGLE","AVERAGE"
"246","1000","","","","","196.03516","19.30133","152","241","SINGLE","AVERAGE"
"247","1000","","","","","196.03516","19.30133","152","241","SINGLE","AVERAGE"
"248","1000","","","","","196.03516","19.30133","152","241","SINGLE","AVERAGE"
"249","1000","","","","","196.03516","19.30133","152","241","SINGLE","AVERAGE"
"250","1000","","","","","196.03516","19.30133","152","241","SINGLE","AVERAGE"
"251","1000","","","","","196.03516","19.30133","152","241","SINGLE","AVERAGE"
"252","1000","","","","","196.03516","19.30133","152","241","SINGLE","AVERAGE"
"253","1000","","","","","196.03516","19.30133","152","241","SINGLE","AVERAGE"
"254","1000","","","","","196.03516","19.30133","152","241","SINGLE","AVERAGE"
"255","1000","","","","","196.03516","19.30133","152","241","SINGLE","AVERAGE"
"256","1000","","","","","196.03516","19.30133","152","241","SINGLE","AVERAGE"
"257","1000","","","","","196.03516","19.30133","152","241","SINGLE","AVERAGE"
"258","1000","","","","","196.03516","19.30133","152","241","SINGLE","AVERAGE"
"259","1000","","","","","196.03516","19.30133","152","241","SINGLE","AVERAGE"
"260","1000","","","","","196.03516","19.30133","152","241","SINGLE","AVERAGE"
"261","1000","","","","","196.03516","19.30133","152","241","SINGLE","AVERAGE"
"262","1000","","","","","196.03516","19.30133","152","241","SINGLE","AVERAGE"
"263","1000","","","","","196.03516","19.30133","152","241","SINGLE","AVERAGE"
"264","1000","","","","","196.03516","19.30133","152","241","SINGLE","AVERAGE"
"265","1000","","","","","196.03516","19.30133","152","241","SINGLE","AVERAGE"
"266","1000","","","","","196.03516","19.30133","152","241","SINGLE","AVERAGE"
"267","1000","","","","","196.03516","19.30133","152","241","SINGLE","AVERAGE"
"268","1000","","","","","196.03516","19.30133","152","241","SINGLE","AVERAGE"
"269","1000","","","","","196.03516","19.30133","152","241","SINGLE","AVERAGE"
"270","1000","","","","","196.03516","19.30133","152","241","SINGLE","AVERAGE"
"271","1000","","","","","196.03516","19.30133","152","241","SINGLE","AVERAGE"
"272","1000","","","","","196.03516","19.30133","152","241","SINGLE","AVERAGE"
"273","1000","","","","","196.03516","19.30133","152","241","SINGLE","AVERAGE"
"274","1000","","","","","196.03516","19.30133","152","241","SINGLE","AVERAGE"
"275","1000","","","","","196.03516","19.30133","152","241","SINGLE","AVERAGE"
"276","1000","","","","","196.03516","19.30133","152","241","SINGLE","AVERAGE"
"277","1000","","","","","196.03516","19.30133","152","241","SINGLE","AVERAGE"
"278","1000","","","","","196.03516","19.30133","152","241","SINGLE","AVERAGE"
"279","1000","","","","","196.03516","19.30133","152","241","SINGLE","AVERAGE"
"280","1000","","","","","196.03516","19.30133","152","241","SINGLE","AVERAGE"
"281","1000","","","","","196.03516","19.30133","152","241","SINGLE","AVERAGE"
"282","1000","","","","","196.03516","19.30133","152","241","SINGLE","AVERAGE"
"283","1000","","","","","196.03516","19.30133","152","241","SINGLE","AVERAGE"
"284","1000","","","","","196.03516","19.30133","152","241","SINGLE","AVERAGE"
"285","1000","","","","","196.03516","19.30133","152","241","SINGLE","AVERAGE"
"286","1000","","","","","196.03516","19.30133","152","241","SINGLE","AVERAGE"
"287","1000","","","","","196.03516","19.30133","152","241","SINGLE","AVERAGE"
"288","1000","","","","","196.03516","19.30133","152","241","SINGLE","AVERAGE"
"289","1000","","","","","196.03516","19.30133","152","241","SINGLE","AVERAGE"
"290","1000","","","","","196.03516","19.30133","152","241","SINGLE","AVERAGE"
"291","1000","","","","","196.03516","19.30133","152","241","SINGLE","AVERAGE"
"292","1000","","","","","196.03516","19.30133","152","241","SINGLE","AVERAGE"
"293","1000","","","","","196.03516","19.30133","152","241","SINGLE","AVERAGE"
"294","1000","","","","","196.03516","19.30133","152","241","SINGLE","AVERAGE"
"295","1000","","","","","196.03516","19.30133","152","241","SINGLE","AVERAGE"
"296","1000","","","","","196.03516","19.30133","152","241","SINGLE","AVERAGE"
"297","1000","","","","","196.03516","19.30133","152","241","SINGLE","AVERAGE"
"298","1000","","","","","196.03516","19.30133","152","241","SINGLE","AVERAGE"
"299","1000","","","","","196.03516","19.30133","152","241","SINGLE","AVERAGE"
"300","1000","","","","","196.03516","19.30133","152","241","SINGLE","AVERAGE"
"301","1000","","","","","196.03516","19.30133","152","241","SINGLE","AVERAGE"
"302","1000","","","","","196.03516","19.30133","152","241","SINGLE","AVERAGE"
"303","1000","","","","","196.03516","19.30133","152","241","SINGLE","AVERAGE"
"304","1000","","","","","196.03516","19.30133","152","241","SINGLE","AVERAGE"
"305","1000","","","","","196.03516","19.30133","152","241","SINGLE","AVERAGE"
"306","1000","","","","","196.03516","19.30133","152","241","SINGLE","AVERAGE"
"307","1000","","","","","196.03516","19.30133","152","241","SINGLE","AVERAGE"
"308","1000","","","","","196.03516","19.30133","152","241","SINGLE","AVERAGE"
"309","1000","","","","","196.03516","19.30133","152","241","SINGLE","AVERAGE"
"310","1000","","","","","196.03516","19.30133","152","241","SINGLE","AVERAGE"
"311","1000","","","","","196.03516","19.30133","152","241","SINGLE","AVERAGE"
"312","1000","","","","","196.03516","19.30133","152","241","SINGLE","AVERAGE"
"313","1000","","","","","196.03516","19.30133","152","241","SINGLE","AVERAGE"
"314","1000","","","","","196.03516","19.30133","152","241","SINGLE","AVERAGE"
"315","1000","","","","","196.03516","19.30133","152","241","SINGLE","AVERAGE"
"316","1000","","","","","196.03516","19.30133","152","241","SINGLE","AVERAGE"
"317","1000","","","","","196.03516","19.30133","152","241","SINGLE","AVERAGE"
"318","1000","","","","","196.03516","19.30133","152","241","SINGLE","AVERAGE"
"319","1000","","","","","196.03516","19.30133","152","241","SINGLE","AVERAGE"
"320","1000","","","","","196.03516","19.30133","152","241","SINGLE","AVERAGE"
"321","1000","","","","","196.03516","19.30133","152","241","SINGLE","AVERAGE"
"322","1000","","","","","196.03516","19.30133","152","241","SINGLE","AVERAGE"
"323","1000","","","","","196.03516","19.30133","152","241","SINGLE","AVERAGE"
"324","1000","","","","","196.03516","19.30133","152","241","SINGLE","AVERAGE"
"325","1000","","","","","196.03516","19.30133","152","241","SINGLE","AVERAGE"
"326","1000","","","","","196.03516","19.30133","152","241","SINGLE","AVERAGE"
"327","1000","","","","","196.03516","19.30133","152","241","SINGLE","AVERAGE"
"328","1000","","","","","196.03516","19.30133","152","241","SINGLE","AVERAGE"
"329","1000","","","","","196.03516","19.30133","152","241","SINGLE","AVERAGE"
"330","1000","","","","","196.03516","19.30133","152","241","SINGLE","AVERAGE"
"331","1000","","","","","196.03516","19.30133","152","241","SINGLE","AVERAGE"
"332","1000","","","","","196.03516","19.30133","152","241","SINGLE","AVERAGE"
"333","1000","","","","","196.03516","19.30133","152","241","SINGLE","AVERAGE"
"334","1000","","","","","196.03516","19.30133","152","241","SINGLE","AVERAGE"
"335","1000","","","","","196.03516","19.30133","152","241","SINGLE","AVERAGE"
"336","1000","","","","","196.03516","19.30133","152","241","SINGLE","AVERAGE"
"337","1000","","","","","196.03516","19.30133","152","241","SINGLE","AVERAGE"
"338","1000","","","","","196.03516","19.30133","152","241","SINGLE","AVERAGE"
"339","1000","","","","","196.03516","19.30133","152","241","SINGLE","AVERAGE"
"340","1000","","","","","196.03516","19.30133","152","241","SINGLE","AVERAGE"
"341","1000","","","","","196.03516","19.30133","152","241","SINGLE","AVERAGE"
"342","1000","","","","","196.03516","19.30133","152","241","SINGLE","AVERAGE"
"343","1000","","","","","196.03516","19.30133","152","241","SINGLE","AVERAGE"
"344","1000","","","","","196.03516","19.30133","152","241","SINGLE","AVERAGE"
"345","1000","","","","","196.03516","19.30133","152","241","SINGLE","AVERAGE"
"346","1000","","","","","196.03516","19.30133","152","241","SINGLE","AVERAGE"
"347","1000","","","","","196.03516","19.30133","152","241","SINGLE","AVERAGE"
"348","1000","","","","","196.03516","19.30133","152","241","SINGLE","AVERAGE"
"349","1000","","","","","196.03516","19.30133","152","241","SINGLE","AVERAGE"
"350","1000","","","","","196.03516","19.30133","152","241","SINGLE","AVERAGE"
"351","1000","","","","","196.03516","19.30133","152","241","SINGLE","AVERAGE"
"352","1000","","","","","196.03516","19.30133","152","241","SINGLE","AVERAGE"
"353","1000","","","","","196.03516","19.30133","152","241","SINGLE","AVERAGE"
"354","1000","","","","","196.03516","19.30133","152","241","SINGLE","AVERAGE"
"355","1000","","","","","196.03516","19.30133","152","241","SINGLE","AVERAGE"
"356","1000","","","","","196.03516","19.30133","152","241","SINGLE","AVERAGE"
"357","1000","","","","","196.03516","19.30133","152","241","SINGLE","AVERAGE"
"358","1000","","","","","196.03516","19.30133","152","241","SINGLE","AVERAGE"
"359","1000","","","","","196.03516","19.30133","152","241","SINGLE","AVERAGE"
"360","1000","","","","","196.03516","19.30133","152","241","SINGLE","AVERAGE"
"361","1000","","","","","196.03516","19.30133","152","241","SINGLE","AVERAGE"
"362","1000","","","","","196.03516","19.30133","152","241","SINGLE","AVERAGE"
"363","1000","","","","","196.03516","19.30133","152","241","SINGLE","AVERAGE"
"364","1000","","","","","196.03516","19.30133","152","241","SINGLE","AVERAGE"
"365","1000","","","","","196.03516","19.30133","152","241","SINGLE","AVERAGE"
"366","1000","","","","","196.03516","19.30133","152","241","SINGLE","AVERAGE"
"367","1000","","","","","196.03516","19.30133","152","241","SINGLE","AVERAGE"
"368","1000","","","","","196.03516","19.30133","152","241","SINGLE","AVERAGE"
"369","1000","","","","","196.03516","19.30133","152","241","SINGLE","AVERAGE"
"370","1000","","","","","196.03516","19.30133","152","241","SINGLE","AVERAGE"
"371","1000","","","","","196.03516","19.30133","152","241","SINGLE","AVERAGE"
"372","1000","","","","","196.03516","19.30133","152","241","SINGLE","AVERAGE"
"373","1000","","","","","196.03516","19.30133","152","241","SINGLE","AVERAGE"
"374","1000","","","","","196.03516","19.30133","152","241","SINGLE","AVERAGE"
"375","1000","","","","","196.03516","19.30133","152","241","SINGLE","AVERAGE"
"376","1000","","","","","196.03516","19.30133","152","241","SINGLE","AVERAGE"
"377","1000","","","","","196.03516","19.30133","152","241","SINGLE","AVERAGE"
"378","1000","","","","","196.03516","19.30133","152","241","SINGLE","AVERAGE"
"379","1000","","","","","196.03516","19.30133","152","241","SINGLE","AVERAGE"
"380","1000","","","","","196.03516","19.30133","152","241","SINGLE","AVERAGE"
"381","1000","","","","","196.03516","19.30133","152","241","SINGLE","AVERAGE"
"382","1000","","","","","196.03516","19.30133","152","241","SINGLE","AVERAGE"
"383","1000","","","","","196.03516","19.30133","152","241","SINGLE","AVERAGE"
"384","1000","","","","","196.03516","19.30133","152","241","SINGLE","AVERAGE"
"385","1000","","","","","196.03516","19.30133","152","241","SINGLE","AVERAGE"
"386","1000","","","","","196.03516","19.30133","152","241","SINGLE","AVERAGE"
"387","1000","","","","","196.03516","19.30133","152","241","SINGLE","AVERAGE"
"388","1000","","","","","196.03516","19.30133","152","241","SINGLE","AVERAGE"
"389","1000","","","","","196.03516","19.30133","152","241","SINGLE","AVERAGE"
"390","1000","","","","","196.03516","19.30133","152","241","SINGLE","AVERAGE"
"391","1000","","","","","196.03516","19.30133","152","241","SINGLE","AVERAGE"
"392","1000","","","","","196.03516","19.30133","152","241","SINGLE","AVERAGE"
"393","1000","","","","","196.03516","19.30133","152","241","SINGLE","AVERAGE"
"394","1000","","","","","196.03516","19.30133","152","241","SINGLE","AVERAGE"
"395","1000","","","","","196.03516","19.30133","152","241","SINGLE","AVERAGE"
"396","1000","","","","","196.03516","19.30133","152","241","SINGLE","AVERAGE"
"397","1000","","","","","196.03516","19.30133","152","241","SINGLE","AVERAGE"
"398","1000","","","","","196.03516","19.30133","152","241","SINGLE","AVERAGE"
"399","1000","","","","","196.03516","19.30133","152","241","SINGLE","AVERAGE"
"400","1000","","","","","196.03516","19.30133","152","241","SINGLE","AVERAGE"
"401","1000","","","","","196.03516","19.30133","152","241","SINGLE","AVERAGE"
"402","1000","","","","","196.03516","19.30133","152","241","SINGLE","AVERAGE"
"403","1000","","","","","196.03516","19.30133","152","241","SINGLE","AVERAGE"
"404","1000","","","","","196.03516","19.30133","152","241","SINGLE","AVERAGE"
"405","1000","","","","","196.03516","19.30133","152","241","SINGLE","AVERAGE"
"406","1000","","","","","196.03516","19.30133","152","241","SINGLE","AVERAGE"
"407","1000","","","","","196.03516","19.30133","152","241","SINGLE","AVERAGE"
"408","1000","","","","","196.03516","19.30133","152","241","SINGLE","AVERAGE"
"409","1000","","","","","196.03516","19.30133","152","241","SINGLE","AVERAGE"
"410","1000","","","","","196.03516","19.30133","152","241","SINGLE","AVERAGE"
"411","1000","","","","","196.03516","19.30133","152","241","SINGLE","AVERAGE"
"412","1000","","","","","196.03516","19.30133","152","241","SINGLE","AVERAGE"
"413","1000","","","","","196.03516","19.30133","152","241","SINGLE","AVERAGE"
"414","1000","","","","","196.03516","19.30133","152","241","SINGLE","AVERAGE"
"415","1000","","","","","196.03516","19.30133","152","241","SINGLE","AVERAGE"
"416","1000","","","","","196.03516","19.30133","152","241","SINGLE","AVERAGE"
"417","1000","","","","","196.03516","19.30133","152","241","SINGLE","AVERAGE"
"418","1000","","","","","196.03516","19.30133","152","241","SINGLE","AVERAGE"
"419","1000","","","","","196.03516","19.30133","152","241","SINGLE","AVERAGE"
"420","1000","","","","","196.03516","19.30133","152","241","SINGLE","AVERAGE"
"421","1000","","","","","196.03516","19.30133","152","241","SINGLE","AVERAGE"
"422","1000","","","","","196.03516","19.30133","152","241","SINGLE","AVERAGE"
"423","1000","","","","","196.03516","19.30133","152","241","SINGLE","AVERAGE"
"424","1000","","","","","196.03516","19.30133","152","241","SINGLE","AVERAGE"
"425","1000","","","","","196.03516","19.30133","152","241","SINGLE","AVERAGE"
"426","1000","","","","","196.03516","19.30133","152","241","SINGLE","AVERAGE"
"427","1000","","","","","196.03516","19.30133","152","241","SINGLE","AVERAGE"
"428","1000","","","","","196.03516","19.30133","152","241","SINGLE","AVERAGE"
"429","1000","","","","","196.03516","19.30133","152","241","SINGLE","AVERAGE"
"430","1000","","","","","196.03516","19.30133","152","241","SINGLE","AVERAGE"
"431","1000","","","","","196.03516","19.30133","152","241","SINGLE","AVERAGE"
"432","1000","","","","","196.03516","19.30133","152","241","SINGLE","AVERAGE"
"433","1000","","","","","196.03516","19.30133","152","241","SINGLE","AVERAGE"
"434","1000","","","","","196.03516","19.30133","152","241","SINGLE","AVERAGE"
"435","1000","","","","","196.03516","19.30133","152","241","SINGLE","AVERAGE"
"436","1000","","","","","196.03516","19.30133","152","241","SINGLE","AVERAGE"
"437","1000","","","","","196.03516","19.30133","152","241","SINGLE","AVERAGE"
"438","1000","","","","","196.03516","19.30133","152","241","SINGLE","AVERAGE"
"439","1000","","","","","196.03516","19.30133","152","241","SINGLE","AVERAGE"
"440","1000","","","","","196.03516","19.30133","152","241","SINGLE","AVERAGE"
"441","1000","","","","","196.03516","19.30133","152","241","SINGLE","AVERAGE"
"442","1000","","","","","196.03516","19.30133","152","241","SINGLE","AVERAGE"
"443","1000","","","","","196.03516","19.30133","152","241","SINGLE","AVERAGE"
"444","1000","","","","","196.03516","19.30133","152","241","SINGLE","AVERAGE"
"445","1000","","","","","196.03516","19.30133","152","241","SINGLE","AVERAGE"
"446","1000","","","","","196.03516","19.30133","152","241","SINGLE","AVERAGE"
"447","1000","","","","","196.03516","19.30133","152","241","SINGLE","AVERAGE"
"448","1000","","","","","196.03516","19.30133","152","241","SINGLE","AVERAGE"
"449","1000","","","","","196.03516","19.30133","152","241","SINGLE","AVERAGE"
"450","1000","","","","","196.03516","19.30133","152","241","SINGLE","AVERAGE"
"451","1000","","","","","196.03516","19.30133","152","241","SINGLE","AVERAGE"
"452","1000","","","","","196.03516","19.30133","152","241","SINGLE","AVERAGE"
"453","1000","","","","","196.03516","19.30133","152","241","SINGLE","AVERAGE"
"454","1000","","","","","196.03516","19.30133","152","241","SINGLE","AVERAGE"
"455","1000","","","","","196.03516","19.30133","152","241","SINGLE","AVERAGE"
"456","1000","","","","","196.03516","19.30133","152","241","SINGLE","AVERAGE"
"457","1000","","","","","196.03516","19.30133","152","241","SINGLE","AVERAGE"
"458","1000","","","","","196.03516","19.30133","152","241","SINGLE","AVERAGE"
"459","1000","","","","","196.03516","19.30133","152","241","SINGLE","AVERAGE"
"460","1000","","","","","196.03516","19.30133","152","241","SINGLE","AVERAGE"
"461","1000","","","","","196.03516","19.30133","152","241","SINGLE","AVERAGE"
"462","1000","","","","","196.03516","19.30133","152","241","SINGLE","AVERAGE"
"463","1000","","","","","196.03516","19.30133","152","241","SINGLE","AVERAGE"
"464","1000","","","","","196.03516","19.30133","152","241","SINGLE","AVERAGE"
"465","1000","","","","","196.03516","19.30133","152","241","SINGLE","AVERAGE"
"466","1000","","","","","196.03516","19.30133","152","241","SINGLE","AVERAGE"
"467","1000","","","","","196.03516","19.30133","152","241","SINGLE","AVERAGE"
"468","1000","","","","","196.03516","19.30133","152","241","SINGLE","AVERAGE"
"469","1000","","","","","196.03516","19.30133","152","241","SINGLE","AVERAGE"
"470","1000","","","","","196.03516","19.30133","152","241","SINGLE","AVERAGE"
"471","1000","","","","","196.03516","19.30133","152","241","SINGLE","AVERAGE"
"472","1000","","","","","196.03516","19.30133","152","241","SINGLE","AVERAGE"
"473","1000","","","","","196.03516","19.30133","152","241","SINGLE","AVERAGE"
"474","1000","","","","","196.03516","19.30133","152","241","SINGLE","AVERAGE"
"475","1000","","","","","196.03516","19.30133","152","241","SINGLE","AVERAGE"
"476","1000","","","","","196.03516","19.30133","152","241","SINGLE","AVERAGE"
"477","1000","","","","","196.03516","19.30133","152","241","SINGLE","AVERAGE"
"478","1000","","","","","196.03516","19.30133","152","241","SINGLE","AVERAGE"
"479","1000","","","","","196.03516","19.30133","152","241","SINGLE","AVERAGE"
"480","1000","","","","","196.03516","19.30133","152","241","SINGLE","AVERAGE"
"481","1000","","","","","196.03516","19.30133","152","241","SINGLE","AVERAGE"
"482","1000","","","","","196.03516","19.30133","152","241","SINGLE","AVERAGE"
"483","1000","","","","","196.03516","19.30133","152","241","SINGLE","AVERAGE"
"484","1000","","","","","196.03516","19.30133","152","241","SINGLE","AVERAGE"
"485","1000","","","","","196.03516","19.30133","152","241","SINGLE","AVERAGE"
"486","1000","","","","","196.03516","19.30133","152","241","SINGLE","AVERAGE"
"487","1000","","","","","196.03516","19.30133","152","241","SINGLE","AVERAGE"
"488","1000","","","","","196.03516","19.30133","152","241","SINGLE","AVERAGE"
"489","1000","","","","","196.03516","19.30133","152","241","SINGLE","AVERAGE"
"490","1000","","","","","196.03516","19.30133","152","241","SINGLE","AVERAGE"
"491","1000","","","","","196.03516","19.30133","152","241","SINGLE","AVERAGE"
"492","1000","","","","","196.03516","19.30133","152","241","SINGLE","AVERAGE"
"493","1000","","","","","196.03516","19.30133","152","241","SINGLE","AVERAGE"
"494","1000","","","","","196.03516","19.30133","152","241","SINGLE","AVERAGE"
"495","1000","","","","","196.03516","19.30133","152","241","SINGLE","AVERAGE"
"496","1000","","","","","196.03516","19.30133","152","241","SINGLE","AVERAGE"
"497","1000","","","","","196.03516","19.30133","152","241","SINGLE","AVERAGE"
"498","1000","","","","","196.03516","19.30133","152","241","SINGLE","AVERAGE"
"499","1000","","","","","196.03516","19.30133","152","241","SINGLE","AVERAGE"
"500","1000","","","","","196.03516","19.30133","152","241","SINGLE","AVERAGE"
"501","1000","","","","","196.03516","19.30133","152","241","SINGLE","AVERAGE"
"502","1000","","","","","196.03516","19.30133","152","241","SINGLE","AVERAGE"
"503","1000","","","","","196.03516","19.30133","152","241","SINGLE","AVERAGE"
"504","1000","","","","","196.03516","19.30133","152","241","SINGLE","AVERAGE"
"505","1000","","","","","196.03516","19.30133","152","241","SINGLE","AVERAGE"
"506","1000","","","","","196.03516","19.30133","152","241","SINGLE","AVERAGE"
"507","1000","","","","","196.03516","19.30133","152","241","SINGLE","AVERAGE"
"508","1000","","","","","196.03516","19.30133","152","241","SINGLE","AVERAGE"
"509","1000","","","","","196.03516","19.30133","152","241","SINGLE","AVERAGE"
"510","1000","","","","","196.03516","19.30133","152","241","SINGLE","AVERAGE"
"511","1000","","","","","196.03516","19.30133","152","241","SINGLE","AVERAGE"
"512","1000","","","","","196.03516","19.30133","152","241","SINGLE","AVERAGE"
"513","1000","","","","","196.03516","19.30133","152","241","SINGLE","AVERAGE"
"514","1000","","","","","196.03516","19.30133","152","241","SINGLE","AVERAGE"
"515","1000","","","","","196.03516","19.30133","152","241","SINGLE","AVERAGE"
"516","1000","","","","","196.03516","19.30133","152","241","SINGLE","AVERAGE"
"517","1000","","","","","196.03516","19.30133","152","241","SINGLE","AVERAGE"
"518","1000","","","","","196.03516","19.30133","152","241","SINGLE","AVERAGE"
"519","1000","","","","","196.03516","19.30133","152","241","SINGLE","AVERAGE"
"520","1000","","","","","196.03516","19.30133","152","241","SINGLE","AVERAGE"
"521","1000","","","","","196.03516","19.30133","152","241","SINGLE","AVERAGE"
"522","1000","","","","","196.03516","19.30133","152","241","SINGLE","AVERAGE"
"523","1000","","","","","196.03516","19.30133","152","241","SINGLE","AVERAGE"
"524","1000","","","","","196.03516","19.30133","152","241","SINGLE","AVERAGE"
"525","1000","","","","","196.03516","19.30133","152","241","SINGLE","AVERAGE"
"526","1000","","","","","196.03516","19.30133","152","241","SINGLE","AVERAGE"
"527","1000","","","","","196.03516","19.30133","152","241","SINGLE","AVERAGE"
"528","1000","","","","","196.03516","19.30133","152","241","SINGLE","AVERAGE"
"529","1000","","","","","196.03516","19.30133","152","241","SINGLE","AVERAGE"
"530","1000","","","","","196.03516","19.30133","152","241","SINGLE","AVERAGE"
"531","1000","","","","","196.03516","19.30133","152","241","SINGLE","AVERAGE"
"532","1000","","","","","196.03516","19.30133","152","241","SINGLE","AVERAGE"
"533","1000","","","","","196.03516","19.30133","152","241","SINGLE","AVERAGE"
"534","1000","","","","","196.03516","19.30133","152","241","SINGLE","AVERAGE"
"535","1000","","","","","196.03516","19.30133","152","241","SINGLE","AVERAGE"
"536","1000","","","","","196.03516","19.30133","152","241","SINGLE","AVERAGE"
"537","1000","","","","","196.03516","19.30133","152","241","SINGLE","AVERAGE"
"538","1000","","","","","196.03516","19.30133","152","241","SINGLE","AVERAGE"
"539","1000","","","","","196.03516","19.30133","152","241","SINGLE","AVERAGE"
"540","1000","","","","","196.03516","19.30133","152","241","SINGLE","AVERAGE"
"541","1000","","","","","196.03516","19.30133","152","241","SINGLE","AVERAGE"
"542","1000","","","","","196.03516","19.30133","152","241","SINGLE","AVERAGE"
"543","1000","","","","","196.03516","19.30133","152","241","SINGLE","AVERAGE"
"544","1000","","","","","196.03516","19.30133","152","241","SINGLE","AVERAGE"
"545","1000","","","","","196.03516","19.30133","152","241","SINGLE","AVERAGE"
"546","1000","","","","","196.03516","19.30133","152","241","SINGLE","AVERAGE"
"547","1000","","","","","196.03516","19.30133","152","241","SINGLE","AVERAGE"
"548","1000","","","","","196.03516","19.30133","152","241","SINGLE","AVERAGE"
"549","1000","","","","","196.03516","19.30133","152","241","SINGLE","AVERAGE"
"550","1000","","","","","196.03516","19.30133","152","241","SINGLE","AVERAGE"
"551","1000","","","","","196.03516","19.30133","152","241","SINGLE","AVERAGE"
"552","1000","","","","","196.03516","19.30133","152","241","SINGLE","AVERAGE"
"553","1000","","","","","196.03516","19.30133","152","241","SINGLE","AVERAGE"
"554","1000","","","","","196.03516","19.30133","152","241","SINGLE","AVERAGE"
"555","1000","","","","","196.03516","19.30133","152","241","SINGLE","AVERAGE"
"556","1000","","","","","196.03516","19.30133","152","241","SINGLE","AVERAGE"
"557","1000","","","","","196.03516","19.30133","152","241","SINGLE","AVERAGE"
"558","1000","","","","","196.03516","19.30133","152","241","SINGLE","AVERAGE"
"559","1000","","","","","196.03516","19.30133","152","241","SINGLE","AVERAGE"
"560","1000","","","","","196.03516","19.30133","152","241","SINGLE","AVERAGE"
"561","1000","","","","","196.03516","19.30133","152","241","SINGLE","AVERAGE"
"562","1000","","","","","196.03516","19.30133","152","241","SINGLE","AVERAGE"
"563","1000","","","","","196.03516","19.30133","152","241","SINGLE","AVERAGE"
"564","1000","","","","","196.03516","19.30133","152","241","SINGLE","AVERAGE"
"565","1000","","","","","196.03516","19.30133","152","241","SINGLE","AVERAGE"
"566","1000","","","","","196.03516","19.30133","152","241","SINGLE","AVERAGE"
"567","1000","","","","","196.03516","19.30133","152","241","SINGLE","AVERAGE"
"568","1000","","","","","196.03516","19.30133","152","241","SINGLE","AVERAGE"
"569","1000","","","","","196.03516","19.30133","152","241","SINGLE","AVERAGE"
"570","1000","","","","","196.03516","19.30133","152","241","SINGLE","AVERAGE"
"571","1000","","","","","196.03516","19.30133","152","241","SINGLE","AVERAGE"
"572","1000","","","","","196.03516","19.30133","152","241","SINGLE","AVERAGE"
"573","1000","","","","","196.03516","19.30133","152","241","SINGLE","AVERAGE"
"574","1000","","","","","196.03516","19.30133","152","241","SINGLE","AVERAGE"
"575","1000","","","","","196.03516","19.30133","152","241","SINGLE","AVERAGE"
"576","1000","","","","","196.03516","19.30133","152","241","SINGLE","AVERAGE"
"577","1000","","","","","196.03516","19.30133","152","241","SINGLE","AVERAGE"
"578","1000","","","","","196.03516","19.30133","152","241","SINGLE","AVERAGE"
"579","1000","","","","","196.03516","19.30133","152","241","SINGLE","AVERAGE"
"580","1000","","","","","196.03516","19.30133","152","241","SINGLE","AVERAGE"
"581","1000","","","","","196.03516","19.30133","152","241","SINGLE","AVERAGE"
"582","1000","","","","","196.03516","19.30133","152","241","SINGLE","AVERAGE"
"583","1000","","","","","196.03516","19.30133","152","241","SINGLE","AVERAGE"
"584","1000","","","","","196.03516","19.30133","152","241","SINGLE","AVERAGE"
"585","1000","","","","","196.03516","19.30133","152","241","SINGLE","AVERAGE"
"586","1000","","","","","196.03516","19.30133","152","241","SINGLE","AVERAGE"
"587","1000","","","","","196.03516","19.30133","152","241","SINGLE","AVERAGE"
"588","1000","","","","","196.03516","19.30133","152","241","SINGLE","AVERAGE"
"589","1000","","","","","196.03516","19.30133","152","241","SINGLE","AVERAGE"
"590","1000","","","","","196.03516","19.30133","152","241","SINGLE","AVERAGE"
"591","1000","","","","","196.03516","19.30133","152","241","SINGLE","AVERAGE"
"592","1000","","","","","196.03516","19.30133","152","241","SINGLE","AVERAGE"
"593","1000","","","","","196.03516","19.30133","152","241","SINGLE","AVERAGE"
"594","1000","","","","","196.03516","19.30133","152","241","SINGLE","AVERAGE"
"595","1000","","","","","196.03516","19.30133","152","241","SINGLE","AVERAGE"
"596","1000","","","","","196.03516","19.30133","152","241","SINGLE","AVERAGE"
"597","1000","","","","","196.03516","19.30133","152","241","SINGLE","AVERAGE"
"598","1000","","","","","196.03516","19.30133","152","241","SINGLE","AVERAGE"
"599","1000","","","","","196.03516","19.30133","152","241","SINGLE","AVERAGE"
"600","1000","","","","","196.03516","19.30133","152","241","SINGLE","AVERAGE"
"601","1000","","","","","196.03516","19.30133","152","241","SINGLE","AVERAGE"
"602","1000","","","","","196.03516","19.30133","152","241","SINGLE","AVERAGE"
"603","1000","","","","","196.03516","19.30133","152","241","SINGLE","AVERAGE"
"604","1000","","","","","196.03516","19.30133","152","241","SINGLE","AVERAGE"
"605","1000","","","","","196.03516","19.30133","152","241","SINGLE","AVERAGE"
"606","1000","","","","","196.03516","19.30133","152","241","SINGLE","AVERAGE"
"607","1000","","","","","196.03516","19.30133","152","241","SINGLE","AVERAGE"
"608","1000","","","","","196.03516","19.30133","152","241","SINGLE","AVERAGE"
"609","1000","","","","","196.03516","19.30133","152","241","SINGLE","AVERAGE"
"610","1000","","","","","196.03516","19.30133","152","241","SINGLE","AVERAGE"
"611","1000","","","","","196.03516","19.30133","152","241","SINGLE","AVERAGE"
"612","1000","","","","","196.03516","19.30133","152","241","SINGLE","AVERAGE"
"613","1000","","","","","196.03516","19.30133","152","241","SINGLE","AVERAGE"
"614","1000","","","","","196.03516","19.30133","152","241","SINGLE","AVERAGE"
"615","1000","","","","","196.03516","19.30133","152","241","SINGLE","AVERAGE"
"616","1000","","","","","196.03516","19.30133","152","241","SINGLE","AVERAGE"
"617","1000","","","","","196.03516","19.30133","152","241","SINGLE","AVERAGE"
"618","1000","","","","","196.03516","19.30133","152","241","SINGLE","AVERAGE"
"619","1000","","","","","196.03516","19.30133","152","241","SINGLE","AVERAGE"
"620","1000","","","","","196.03516","19.30133","152","241","SINGLE","AVERAGE"
"621","1000","","","","","196.03516","19.30133","152","241","SINGLE","AVERAGE"
"622","1000","","","","","196.03516","19.30133","152","241","SINGLE","AVERAGE"
"623","1000","","","","","196.03516","19.30133","152","241","SINGLE","AVERAGE"
"624","1000","","","","","196.03516","19.30133","152","241","SINGLE","AVERAGE"
"625","1000","","","","","196.03516","19.30133","152","241","SINGLE","AVERAGE"
"626","1000","","","","","196.03516","19.30133","152","241","SINGLE","AVERAGE"
"627","1000","","","","","196.03516","19.30133","152","241","SINGLE","AVERAGE"
"628","1000","","","","","196.03516","19.30133","152","241","SINGLE","AVERAGE"
"629","1000","","","","","196.03516","19.30133","152","241","SINGLE","AVERAGE"
"630","1000","","","","","196.03516","19.30133","152","241","SINGLE","AVERAGE"
"631","1000","","","","","196.03516","19.30133","152","241","SINGLE","AVERAGE"
"632","1000","","","","","196.03516","19.30133","152","241","SINGLE","AVERAGE"
"633","1000","","","","","196.03516","19.30133","152","241","SINGLE","AVERAGE"
"634","1000","","","","","196.03516","19.30133","152","241","SINGLE","AVERAGE"
"635","1000","","","","","196.03516","19.30133","152","241","SINGLE","AVERAGE"
"636","1000","","","","","196.03516","19.30133","152","241","SINGLE","AVERAGE"
"637","1000","","","","","196.03516","19.30133","152","241","SINGLE","AVERAGE"
"638","1000","","","","","196.03516","19.30133","152","241","SINGLE","AVERAGE"
"639","1000","","","","","196.03516","19.30133","152","241","SINGLE","AVERAGE"
"640","1000","","","","","196.03516","19.30133","152","241","SINGLE","AVERAGE"
"641","1000","","","","","196.03516","19.30133","152","241","SINGLE","AVERAGE"
"642","1000","","","","","196.03516","19.30133","152","241","SINGLE","AVERAGE"
"643","1000","","","","","196.03516","19.30133","152","241","SINGLE","AVERAGE"
"644","1000","","","","","196.03516","19.30133","152","241","SINGLE","AVERAGE"
"645","1000","","","","","196.03516","19.30133","152","241","SINGLE","AVERAGE"
"646","1000","","","","","196.03516","19.30133","152","241","SINGLE","AVERAGE"
"647","1000","","","","","196.03516","19.30133","152","241","SINGLE","AVERAGE"
"648","1000","","","","","196.03516","19.30133","152","241","SINGLE","AVERAGE"
"649","1000","","","","","196.03516","19.30133","152","241","SINGLE","AVERAGE"
"650","1000","","","","","196.03516","19.30133","152","241","SINGLE","AVERAGE"
"651","1000","","","","","196.03516","19.30133","152","241","SINGLE","AVERAGE"
"652","1000","","","","","196.03516","19.30133","152","241","SINGLE","AVERAGE"
"653","1000","","","","","196.03516","19.30133","152","241","SINGLE","AVERAGE"
"654","1000","","","","","196.03516","19.30133","152","241","SINGLE","AVERAGE"
"655","1000","","","","","196.03516","19.30133","152","241","SINGLE","AVERAGE"
"656","1000","","","","","196.03516","19.30133","152","241","SINGLE","AVERAGE"
"657","1000","","","","","196.03516","19.30133","152","241","SINGLE","AVERAGE"
"658","1000","","","","","196.03516","19.30133","152","241","SINGLE","AVERAGE"
"659","1000","","","","","196.03516","19.30133","152","241","SINGLE","AVERAGE"
"660","1000","","","","","196.03516","19.30133","152","241","SINGLE","AVERAGE"
"661","1000","","","","","196.03516","19.30133","152","241","SINGLE","AVERAGE"
"662","1000","","","","","196.03516","19.30133","152","241","SINGLE","AVERAGE"
"663","1000","","","","","196.03516","19.30133","152","241","SINGLE","AVERAGE"
"664","1000","","","","","196.03516","19.30133","152","241","SINGLE","AVERAGE"
"665","1000","","","","","196.03516","19.30133","152","241","SINGLE","AVERAGE"
"666","1000","","","","","196.03516","19.30133","152","241","SINGLE","AVERAGE"
"667","1000","","","","","196.03516","19.30133","152","241","SINGLE","AVERAGE"
"668","1000","","","","","196.03516","19.30133","152","241","SINGLE","AVERAGE"
"669","1000","","","","","196.03516","19.30133","152","241","SINGLE","AVERAGE"
"670","1000","","","","","196.03516","19.30133","152","241","SINGLE","AVERAGE"
"671","1000","","","","","196.03516","19.30133","152","241","SINGLE","AVERAGE"
"672","1000","","","","","196.03516","19.30133","152","241","SINGLE","AVERAGE"
"673","1000","","","","","196.03516","19.30133","152","241","SINGLE","AVERAGE"
"674","1000","","","","","196.03516","19.30133","152","241","SINGLE","AVERAGE"
"675","1000","","","","","196.03516","19.30133","152","241","SINGLE","AVERAGE"
"676","1000","","","","","196.03516","19.30133","152","241","SINGLE","AVERAGE"
"677","1000","","","","","196.03516","19.30133","152","241","SINGLE","AVERAGE"
"678","1000","","","","","196.03516","19.30133","152","241","SINGLE","AVERAGE"
"679","1000","","","","","196.03516","19.30133","152","241","SINGLE","AVERAGE"
"680","1000","","","","","196.03516","19.30133","152","241","SINGLE","AVERAGE"
"681","1000","","","","","196.03516","19.30133","152","241","SINGLE","AVERAGE"
"682","1000","","","","","196.03516","19.30133","152","241","SINGLE","AVERAGE"
"683","1000","","","","","196.03516","19.30133","152","241","SINGLE","AVERAGE"
"684","1000","","","","","196.03516","19.30133","152","241","SINGLE","AVERAGE"
"685","1000","","","","","196.03516","19.30133","152","241","SINGLE","AVERAGE"
"686","1000","","","","","196.03516","19.30133","152","241","SINGLE","AVERAGE"
"687","1000","","","","","196.03516","19.30133","152","241","SINGLE","AVERAGE"
"688","1000","","","","","196.03516","19.30133","152","241","SINGLE","AVERAGE"
"689","1000","","","","","196.03516","19.30133","152","241","SINGLE","AVERAGE"
"690","1000","","","","","196.03516","19.30133","152","241","SINGLE","AVERAGE"
"691","1000","","","","","196.03516","19.30133","152","241","SINGLE","AVERAGE"
"692","1000","","","","","196.03516","19.30133","152","241","SINGLE","AVERAGE"
"693","1000","","","","","196.03516","19.30133","152","241","SINGLE","AVERAGE"
"694","1000","","","","","196.03516","19.30133","152","241","SINGLE","AVERAGE"
"695","1000","","","","","196.03516","19.30133","152","241","SINGLE","AVERAGE"
"696","1000","","","","","196.03516","19.30133","152","241","SINGLE","AVERAGE"
"697","1000","","","","","196.03516","19.30133","152","241","SINGLE","AVERAGE"
"698","1000","","","","","196.03516","19.30133","152","241","SINGLE","AVERAGE"
"699","1000","","","","","196.03516","19.30133","152","241","SINGLE","AVERAGE"
"700","1000","","","","","196.03516","19.30133","152","241","SINGLE","AVERAGE"
"701","1000","","","","","196.03516","19.30133","152","241","SINGLE","AVERAGE"
"702","1000","","","","","196.03516","19.30133","152","241","SINGLE","AVERAGE"
"703","1000","","","","","196.03516","19.30133","152","241","SINGLE","AVERAGE"
"704","1000","","","","","196.03516","19.30133","152","241","SINGLE","AVERAGE"
"705","1000","","","","","196.03516","19.30133","152","241","SINGLE","AVERAGE"
"706","1000","","","","","196.03516","19.30133","152","241","SINGLE","AVERAGE"
"707","1000","","","","","196.03516","19.30133","152","241","SINGLE","AVERAGE"
"708","1000","","","","","196.03516","19.30133","152","241","SINGLE","AVERAGE"
"709","1000","","","","","196.03516","19.30133","152","241","SINGLE","AVERAGE"
"710","1000","","","","","196.03516","19.30133","152","241","SINGLE","AVERAGE"
"711","1000","","","","","196.03516","19.30133","152","241","SINGLE","AVERAGE"
"712","1000","","","","","196.03516","19.30133","152","241","SINGLE","AVERAGE"
"713","1000","","","","","196.03516","19.30133","152","241","SINGLE","AVERAGE"
"714","1000","","","","","196.03516","19.30133","152","241","SINGLE","AVERAGE"
"715","1000","","","","","196.03516","19.30133","152","241","SINGLE","AVERAGE"
"716","1000","","","","","196.03516","19.30133","152","241","SINGLE","AVERAGE"
"717","1000","","","","","196.03516","19.30133","152","241","SINGLE","AVERAGE"
"718","1000","","","","","196.03516","19.30133","152","241","SINGLE","AVERAGE"
"719","1000","","","","","196.03516","19.30133","152","241","SINGLE","AVERAGE"
"720","1000","","","","","196.03516","19.30133","152","241","SINGLE","AVERAGE"
"721","1000","","","","","196.03516","19.30133","152","241","SINGLE","AVERAGE"
"722","1000","","","","","196.03516","19.30133","152","241","SINGLE","AVERAGE"
"723","1000","","","","","196.03516","19.30133","152","241","SINGLE","AVERAGE"
"724","1000","","","","","196.03516","19.30133","152","241","SINGLE","AVERAGE"
"725","1000","","","","","196.03516","19.30133","152","241","SINGLE","AVERAGE"
"726","1000","","","","","196.03516","19.30133","152","241","SINGLE","AVERAGE"
"727","1000","","","","","196.03516","19.30133","152","241","SINGLE","AVERAGE"
"728","1000","","","","","196.03516","19.30133","152","241","SINGLE","AVERAGE"
"729","1000","","","","","196.03516","19.30133","152","241","SINGLE","AVERAGE"
"730","1000","","","","","196.03516","19.30133","152","241","SINGLE","AVERAGE"
"731","1000","","","","","196.03516","19.30133","152","241","SINGLE","AVERAGE"
"732","1000","","","","","196.03516","19.30133","152","241","SINGLE","AVERAGE"
"733","1000","","","","","196.03516","19.30133","152","241","SINGLE","AVERAGE"
"734","1000","","","","","196.03516","19.30133","152","241","SINGLE","AVERAGE"
"735","1000","","","","","196.03516","19.30133","152","241","SINGLE","AVERAGE"
"736","1000","","","","","196.03516","19.30133","152","241","SINGLE","AVERAGE"
"737","1000","","","","","196.03516","19.30133","152","241","SINGLE","AVERAGE"
"738","1000","","","","","196.03516","19.30133","152","241","SINGLE","AVERAGE"
"739","1000","","","","","196.03516","19.30133","152","241","SINGLE","AVERAGE"
"740","1000","","","","","196.03516","19.30133","152","241","SINGLE","AVERAGE"
"741","1000","","","","","196.03516","19.30133","152","241","SINGLE","AVERAGE"
"742","1000","","","","","196.03516","19.30133","152","241","SINGLE","AVERAGE"
"743","1000","","","","","196.03516","19.30133","152","241","SINGLE","AVERAGE"
"744","1000","","","","","196.03516","19.30133","152","241","SINGLE","AVERAGE"
"745","1000","","","","","196.03516","19.30133","152","241","SINGLE","AVERAGE"
"746","1000","","","","","196.03516","19.30133","152","241","SINGLE","AVERAGE"
"747","1000","","","","","196.03516","19.30133","152","241","SINGLE","AVERAGE"
"748","1000","","","","","196.03516","19.30133","152","241","SINGLE","AVERAGE"
"749","1000","","","","","196.03516","19.30133","152","241","SINGLE","AVERAGE"
"750","1000","","","","","196.03516","19.30133","152","241","SINGLE","AVERAGE"
"751","1000","","","","","196.03516","19.30133","152","241","SINGLE","AVERAGE"
"752","1000","","","","","196.03516","19.30133","152","241","SINGLE","AVERAGE"
"753","1000","","","","","196.03516","19.30133","152","241","SINGLE","AVERAGE"
"754","1000","","","","","196.03516","19.30133","152","241","SINGLE","AVERAGE"
"755","1000","","","","","196.03516","19.30133","152","241","SINGLE","AVERAGE"
"756","1000","","","","","196.03516","19.30133","152","241","SINGLE","AVERAGE"
"757","1000","","","","","196.03516","19.30133","152","241","SINGLE","AVERAGE"
"758","1000","","","","","196.03516","19.30133","152","241","SINGLE","AVERAGE"
"759","1000","","","","","196.03516","19.30133","152","241","SINGLE","AVERAGE"
"760","1000","","","","","196.03516","19.30133","152","241","SINGLE","AVERAGE"
"761","1000","","","","","196.03516","19.30133","152","241","SINGLE","AVERAGE"
"762","1000","","","","","196.03516","19.30133","152","241","SINGLE","AVERAGE"
"763","1000","","","","","196.03516","19.30133","152","241","SINGLE","AVERAGE"
"764","1000","","","","","196.03516","19.30133","152","241","SINGLE","AVERAGE"
"765","1000","","","","","196.03516","19.30133","152","241","SINGLE","AVERAGE"
"766","1000","","","","","196.03516","19.30133","152","241","SINGLE","AVERAGE"
"767","1000","","","","","196.03516","19.30133","152","241","SINGLE","AVERAGE"
"768","1000","","","","","196.03516","19.30133","152","241","SINGLE","AVERAGE"
"769","1000","","","","","196.03516","19.30133","152","241","SINGLE","AVERAGE"
"770","1000","","","","","196.03516","19.30133","152","241","SINGLE","AVERAGE"
"771","1000","","","","","196.03516","19.30133","152","241","SINGLE","AVERAGE"
"772","1000","","","","","196.03516","19.30133","152","241","SINGLE","AVERAGE"
"773","1000","","","","","196.03516","19.30133","152","241","SINGLE","AVERAGE"
"774","1000","","","","","196.03516","19.30133","152","241","SINGLE","AVERAGE"
"775","1000","","","","","196.03516","19.30133","152","241","SINGLE","AVERAGE"
"776","1000","","","","","196.03516","19.30133","152","241","SINGLE","AVERAGE"
"777","1000","","","","","196.03516","19.30133","152","241","SINGLE","AVERAGE"
"778","1000","","","","","196.03516","19.30133","152","241","SINGLE","AVERAGE"
"779","1000","","","","","196.03516","19.30133","152","241","SINGLE","AVERAGE"
"780","1000","","","","","196.03516","19.30133","152","241","SINGLE","AVERAGE"
"781","1000","","","","","196.03516","19.30133","152","241","SINGLE","AVERAGE"
"782","1000","","","","","196.03516","19.30133","152","241","SINGLE","AVERAGE"
"783","1000","","","","","196.03516","19.30133","152","241","SINGLE","AVERAGE"
"784","1000","","","","","196.03516","19.30133","152","241","SINGLE","AVERAGE"
"785","1000","","","","","196.03516","19.30133","152","241","SINGLE","AVERAGE"
"786","1000","","","","","196.03516","19.30133","152","241","SINGLE","AVERAGE"
"787","1000","","","","","196.03516","19.30133","152","241","SINGLE","AVERAGE"
"788","1000","","","","","196.03516","19.30133","152","241","SINGLE","AVERAGE"
"789","1000","","","","","196.03516","19.30133","152","241","SINGLE","AVERAGE"
"790","1000","","","","","196.03516","19.30133","152","241","SINGLE","AVERAGE"
"791","1000","","","","","196.03516","19.30133","152","241","SINGLE","AVERAGE"
"792","1000","","","","","196.03516","19.30133","152","241","SINGLE","AVERAGE"
"793","1000","","","","","196.03516","19.30133","152","241","SINGLE","AVERAGE"
"794","1000","","","","","196.03516","19.30133","152","241","SINGLE","AVERAGE"
"795","1000","","","","","196.03516","19.30133","152","241","SINGLE","AVERAGE"
"796","1000","","","","","196.03516","19.30133","152","241","SINGLE","AVERAGE"
"797","1000","","","","","196.03516","19.30133","152","241","SINGLE","AVERAGE"
"798","1000","","","","","196.03516","19.30133","152","241","SINGLE","AVERAGE"
"799","1000","","","","","196.03516","19.30133","152","241","SINGLE","AVERAGE"
"800","1000","","","","","196.03516","19.30133","152","241","SINGLE","AVERAGE"
"801","1000","","","","","196.03516","19.30133","152","241","SINGLE","AVERAGE"
"802","1000","","","","","196.03516","19.30133","152","241","SINGLE","AVERAGE"
"803","1000","","","","","196.03516","19.30133","152","241","SINGLE","AVERAGE"
"804","1000","","","","","196.03516","19.30133","152","241","SINGLE","AVERAGE"
"805","1000","","","","","196.03516","19.30133","152","241","SINGLE","AVERAGE"
"806","1000","","","","","196.03516","19.30133","152","241","SINGLE","AVERAGE"
"807","1000","","","","","196.03516","19.30133","152","241","SINGLE","AVERAGE"
"808","1000","","","","","196.03516","19.30133","152","241","SINGLE","AVERAGE"
"809","1000","","","","","196.03516","19.30133","152","241","SINGLE","AVERAGE"
"810","1000","","","","","196.03516","19.30133","152","241","SINGLE","AVERAGE"
"811","1000","","","","","196.03516","19.30133","152","241","SINGLE","AVERAGE"
"812","1000","","","","","196.03516","19.30133","152","241","SINGLE","AVERAGE"
"813","1000","","","","","196.03516","19.30133","152","241","SINGLE","AVERAGE"
"814","1000","","","","","196.03516","19.30133","152","241","SINGLE","AVERAGE"
"815","1000","","","","","196.03516","19.30133","152","241","SINGLE","AVERAGE"
"816","1000","","","","","196.03516","19.30133","152","241","SINGLE","AVERAGE"
"817","1000","","","","","196.03516","19.30133","152","241","SINGLE","AVERAGE"
"818","1000","","","","","196.03516","19.30133","152","241","SINGLE","AVERAGE"
"819","1000","","","","","196.03516","19.30133","152","241","SINGLE","AVERAGE"
"820","1000","","","","","196.03516","19.30133","152","241","SINGLE","AVERAGE"
"821","1000","","","","","196.03516","19.30133","152","241","SINGLE","AVERAGE"
"822","1000","","","","","196.03516","19.30133","152","241","SINGLE","AVERAGE"
"823","1000","","","","","196.03516","19.30133","152","241","SINGLE","AVERAGE"
"824","1000","","","","","196.03516","19.30133","152","241","SINGLE","AVERAGE"
"825","1000","","","","","196.03516","19.30133","152","241","SINGLE","AVERAGE"
"826","1000","","","","","196.03516","19.30133","152","241","SINGLE","AVERAGE"
"827","1000","","","","","196.03516","19.30133","152","241","SINGLE","AVERAGE"
"828","1000","","","","","196.03516","19.30133","152","241","SINGLE","AVERAGE"
"829","1000","","","","","196.03516","19.30133","152","241","SINGLE","AVERAGE"
"830","1000","","","","","196.03516","19.30133","152","241","SINGLE","AVERAGE"
"831","1000","","","","","196.03516","19.30133","152","241","SINGLE","AVERAGE"
"832","1000","","","","","196.03516","19.30133","152","241","SINGLE","AVERAGE"
"833","1000","","","","","196.03516","19.30133","152","241","SINGLE","AVERAGE"
"834","1000","","","","","196.03516","19.30133","152","241","SINGLE","AVERAGE"
"835","1000","","","","","196.03516","19.30133","152","241","SINGLE","AVERAGE"
"836","1000","","","","","196.03516","19.30133","152","241","SINGLE","AVERAGE"
"837","1000","","","","","196.03516","19.30133","152","241","SINGLE","AVERAGE"
"838","1000","","","","","196.03516","19.30133","152","241","SINGLE","AVERAGE"
"839","1000","","","","","196.03516","19.30133","152","241","SINGLE","AVERAGE"
"840","1000","","","","","196.03516","19.30133","152","241","SINGLE","AVERAGE"
"841","1000","","","","","196.03516","19.30133","152","241","SINGLE","AVERAGE"
"842","1000","","","","","196.03516","19.30133","152","241","SINGLE","AVERAGE"
"843","1000","","","","","196.03516","19.30133","152","241","SINGLE","AVERAGE"
"844","1000","","","","","196.03516","19.30133","152","241","SINGLE","AVERAGE"
"845","1000","","","","","196.03516","19.30133","152","241","SINGLE","AVERAGE"
"846","1000","","","","","196.03516","19.30133","152","241","SINGLE","AVERAGE"
"847","1000","","","","","196.03516","19.30133","152","241","SINGLE","AVERAGE"
"848","1000","","","","","196.03516","19.30133","152","241","SINGLE","AVERAGE"
"849","1000","","","","","196.03516","19.30133","152","241","SINGLE","AVERAGE"
"850","1000","","","","","196.03516","19.30133","152","241","SINGLE","AVERAGE"
"851","1000","","","","","196.03516","19.30133","152","241","SINGLE","AVERAGE"
"852","1000","","","","","196.03516","19.30133","152","241","SINGLE","AVERAGE"
"853","1000","","","","","196.03516","19.30133","152","241","SINGLE","AVERAGE"
"854","1000","","","","","196.03516","19.30133","152","241","SINGLE","AVERAGE"
"855","1000","","","","","196.03516","19.30133","152","241","SINGLE","AVERAGE"
"856","1000","","","","","196.03516","19.30133","152","241","SINGLE","AVERAGE"
"857","1000","","","","","196.03516","19.30133","152","241","SINGLE","AVERAGE"
"858","1000","","","","","196.03516","19.30133","152","241","SINGLE","AVERAGE"
"859","1000","","","","","196.03516","19.30133","152","241","SINGLE","AVERAGE"
"860","1000","","","","","196.03516","19.30133","152","241","SINGLE","AVERAGE"
"861","1000","","","","","196.03516","19.30133","152","241","SINGLE","AVERAGE"
"862","1000","","","","","196.03516","19.30133","152","241","SINGLE","AVERAGE"
"863","1000","","","","","196.03516","19.30133","152","241","SINGLE","AVERAGE"
"864","1000","","","","","196.03516","19.30133","152","241","SINGLE","AVERAGE"
"865","1000","","","","","196.03516","19.30133","152","241","SINGLE","AVERAGE"
"866","1000","","","","","196.03516","19.30133","152","241","SINGLE","AVERAGE"
"867","1000","","","","","196.03516","19.30133","152","241","SINGLE","AVERAGE"
"868","1000","","","","","196.03516","19.30133","152","241","SINGLE","AVERAGE"
"869","1000","","","","","196.03516","19.30133","152","241","SINGLE","AVERAGE"
"870","1000","","","","","196.03516","19.30133","152","241","SINGLE","AVERAGE"
"871","1000","","","","","196.03516","19.30133","152","241","SINGLE","AVERAGE"
"872","1000","","","","","196.03516","19.30133","152","241","SINGLE","AVERAGE"
"873","1000","","","","","196.03516","19.30133","152","241","SINGLE","AVERAGE"
"874","1000","","","","","196.03516","19.30133","152","241","SINGLE","AVERAGE"
"875","1000","","","","","196.03516","19.30133","152","241","SINGLE","AVERAGE"
"876","1000","","","","","196.03516","19.30133","152","241","SINGLE","AVERAGE"
"877","1000","","","","","196.03516","19.30133","152","241","SINGLE","AVERAGE"
"878","1000","","","","","196.03516","19.30133","152","241","SINGLE","AVERAGE"
"879","1000","","","","","196.03516","19.30133","152","241","SINGLE","AVERAGE"
"880","1000","","","","","196.03516","19.30133","152","241","SINGLE","AVERAGE"
"881","1000","","","","","196.03516","19.30133","152","241","SINGLE","AVERAGE"
"882","1000","","","","","196.03516","19.30133","152","241","SINGLE","AVERAGE"
"883","1000","","","","","196.03516","19.30133","152","241","SINGLE","AVERAGE"
"884","1000","","","","","196.03516","19.30133","152","241","SINGLE","AVERAGE"
"885","1000","","","","","196.03516","19.30133","152","241","SINGLE","AVERAGE"
"886","1000","","","","","196.03516","19.30133","152","241","SINGLE","AVERAGE"
"887","1000","","","","","196.03516","19.30133","152","241","SINGLE","AVERAGE"
"888","1000","","","","","196.03516","19.30133","152","241","SINGLE","AVERAGE"
"889","1000","","","","","196.03516","19.30133","152","241","SINGLE","AVERAGE"
"890","1000","","","","","196.03516","19.30133","152","241","SINGLE","AVERAGE"
"891","1000","","","","","196.03516","19.30133","152","241","SINGLE","AVERAGE"
"892","1000","","","","","196.03516","19.30133","152","241","SINGLE","AVERAGE"
"893","1000","","","","","196.03516","19.30133","152","241","SINGLE","AVERAGE"
"894","1000","","","","","196.03516","19.30133","152","241","SINGLE","AVERAGE"
"895","1000","","","","","196.03516","19.30133","152","241","SINGLE","AVERAGE"
"896","1000","","","","","196.03516","19.30133","152","241","SINGLE","AVERAGE"
"897","1000","","","","","196.03516","19.30133","152","241","SINGLE","AVERAGE"
"898","1000","","","","","196.03516","19.30133","152","241","SINGLE","AVERAGE"
"899","1000","","","","","196.03516","19.30133","152","241","SINGLE","AVERAGE"
"900","1000","","","","","196.03516","19.30133","152","241","SINGLE","AVERAGE"
"901","1000","","","","","196.03516","19.30133","152","241","SINGLE","AVERAGE"
"902","1000","","","","","196.03516","19.30133","152","241","SINGLE","AVERAGE"
"903","1000","","","","","196.03516","19.30133","152","241","SINGLE","AVERAGE"
"904","1000","","","","","196.03516","19.30133","152","241","SINGLE","AVERAGE"
"905","1000","","","","","196.03516","19.30133","152","241","SINGLE","AVERAGE"
"906","1000","","","","","196.03516","19.30133","152","241","SINGLE","AVERAGE"
"907","1000","","","","","196.03516","19.30133","152","241","SINGLE","AVERAGE"
"908","1000","","","","","196.03516","19.30133","152","241","SINGLE","AVERAGE"
"909","1000","","","","","196.03516","19.30133","152","241","SINGLE","AVERAGE"
"910","1000","","","","","196.03516","19.30133","152","241","SINGLE","AVERAGE"
"911","1000","","","","","196.03516","19.30133","152","241","SINGLE","AVERAGE"
"912","1000","","","","","196.03516","19.30133","152","241","SINGLE","AVERAGE"
"913","1000","","","","","196.03516","19.30133","152","241","SINGLE","AVERAGE"
"914","1000","","","","","196.03516","19.30133","152","241","SINGLE","AVERAGE"
"915","1000","","","","","196.03516","19.30133","152","241","SINGLE","AVERAGE"
"916","1000","","","","","196.03516","19.30133","152","241","SINGLE","AVERAGE"
"917","1000","","","","","196.03516","19.30133","152","241","SINGLE","AVERAGE"
"918","1000","","","","","196.03516","19.30133","152","241","SINGLE","AVERAGE"
"919","1000","","","","","196.03516","19.30133","152","241","SINGLE","AVERAGE"
"920","1000","","","","","196.03516","19.30133","152","241","SINGLE","AVERAGE"
"921","1000","","","","","196.03516","19.30133","152","241","SINGLE","AVERAGE"
"922","1000","","","","","196.03516","19.30133","152","241","SINGLE","AVERAGE"
"923","1000","","","","","196.03516","19.30133","152","241","SINGLE","AVERAGE"
"924","1000","","","","","196.03516","19.30133","152","241","SINGLE","AVERAGE"
"925","1000","","","","","196.03516","19.30133","152","241","SINGLE","AVERAGE"
"926","1000","","","","","196.03516","19.30133","152","241","SINGLE","AVERAGE"
"927","1000","","","","","196.03516","19.30133","152","241","SINGLE","AVERAGE"
"928","1000","","","","","196.03516","19.30133","152","241","SINGLE","AVERAGE"
"929","1000","","","","","196.03516","19.30133","152","241","SINGLE","AVERAGE"
"930","1000","","","","","196.03516","19.30133","152","241","SINGLE","AVERAGE"
"931","1000","","","","","196.03516","19.30133","152","241","SINGLE","AVERAGE"
"932","1000","","","","","196.03516","19.30133","152","241","SINGLE","AVERAGE"
"933","1000","","","","","196.03516","19.30133","152","241","SINGLE","AVERAGE"
"934","1000","","","","","196.03516","19.30133","152","241","SINGLE","AVERAGE"
"935","1000","","","","","196.03516","19.30133","152","241","SINGLE","AVERAGE"
"936","1000","","","","","196.03516","19.30133","152","241","SINGLE","AVERAGE"
"937","1000","","","","","196.03516","19.30133","152","241","SINGLE","AVERAGE"
"938","1000","","","","","196.03516","19.30133","152","241","SINGLE","AVERAGE"
"939","1000","","","","","196.03516","19.30133","152","241","SINGLE","AVERAGE"
"940","1000","","","","","196.03516","19.30133","152","241","SINGLE","AVERAGE"
"941","1000","","","","","196.03516","19.30133","152","241","SINGLE","AVERAGE"
"942","1000","","","","","196.03516","19.30133","152","241","SINGLE","AVERAGE"
"943","1000","","","","","196.03516","19.30133","152","241","SINGLE","AVERAGE"
"944","1000","","","","","196.03516","19.30133","152","241","SINGLE","AVERAGE"
"945","1000","","","","","196.03516","19.30133","152","241","SINGLE","AVERAGE"
"946","1000","","","","","196.03516","19.30133","152","241","SINGLE","AVERAGE"
"947","1000","","","","","196.03516","19.30133","152","241","SINGLE","AVERAGE"
"948","1000","","","","","196.03516","19.30133","152","241","SINGLE","AVERAGE"
"949","1000","","","","","196.03516","19.30133","152","241","SINGLE","AVERAGE"
"950","1000","","","","","196.03516","19.30133","152","241","SINGLE","AVERAGE"
"951","1000","","","","","196.03516","19.30133","152","241","SINGLE","AVERAGE"
"952","1000","","","","","196.03516","19.30133","152","241","SINGLE","AVERAGE"
"953","1000","","","","","196.03516","19.30133","152","241","SINGLE","AVERAGE"
"954","1000","","","","","196.03516","19.30133","152","241","SINGLE","AVERAGE"
"955","1000","","","","","196.03516","19.30133","152","241","SINGLE","AVERAGE"
"956","1000","","","","","196.03516","19.30133","152","241","SINGLE","AVERAGE"
"957","1000","","","","","196.03516","19.30133","152","241","SINGLE","AVERAGE"
"958","1000","","","","","196.03516","19.30133","152","241","SINGLE","AVERAGE"
"959","1000","","","","","196.03516","19.30133","152","241","SINGLE","AVERAGE"
"960","1000","","","","","196.03516","19.30133","152","241","SINGLE","AVERAGE"
"961","1000","","","","","196.03516","19.30133","152","241","SINGLE","AVERAGE"
"962","1000","","","","","196.03516","19.30133","152","241","SINGLE","AVERAGE"
"963","1000","","","","","196.03516","19.30133","152","241","SINGLE","AVERAGE"
"964","1000","","","","","196.03516","19.30133","152","241","SINGLE","AVERAGE"
"965","1000","","","","","196.03516","19.30133","152","241","SINGLE","AVERAGE"
"966","1000","","","","","196.03516","19.30133","152","241","SINGLE","AVERAGE"
"967","1000","","","","","196.03516","19.30133","152","241","SINGLE","AVERAGE"
"968","1000","","","","","196.03516","19.30133","152","241","SINGLE","AVERAGE"
"969","1000","","","","","196.03516","19.30133","152","241","SINGLE","AVERAGE"
"970","1000","","","","","196.03516","19.30133","152","241","SINGLE","AVERAGE"
"971","1000","","","","","196.03516","19.30133","152","241","SINGLE","AVERAGE"
"972","1000","","","","","196.03516","19.30133","152","241","SINGLE","AVERAGE"
"973","1000","","","","","196.03516","19.30133","152","241","SINGLE","AVERAGE"
"974","1000","","","","","196.03516","19.30133","152","241","SINGLE","AVERAGE"
"975","1000","","","","","196.03516","19.30133","152","241","SINGLE","AVERAGE"
"976","1000","","","","","196.03516","19.30133","152","241","SINGLE","AVERAGE"
"977","1000","","","","","196.03516","19.30133","152","241","SINGLE","AVERAGE"
"978","1000","","","","","196.03516","19.30133","152","241","SINGLE","AVERAGE"
"979","1000","","","","","196.03516","19.30133","152","241","SINGLE","AVERAGE"
"980","1000","","","","","196.03516","19.30133","152","241","SINGLE","AVERAGE"
"981","1000","","","","","196.03516","19.30133","152","241","SINGLE","AVERAGE"
"982","1000","","","","","196.03516","19.30133","152","241","SINGLE","AVERAGE"
"983","1000","","","","","196.03516","19.30133","152","241","SINGLE","AVERAGE"
"984","1000","","","","","196.03516","19.30133","152","241","SINGLE","AVERAGE"
"985","1000","","","","","196.03516","19.30133","152","241","SINGLE","AVERAGE"
"986","1000","","","","","196.03516","19.30133","152","241","SINGLE","AVERAGE"
"987","1000","","","","","196.03516","19.30133","152","241","SINGLE","AVERAGE"
"988","1000","","","","","196.03516","19.30133","152","241","SINGLE","AVERAGE"
"989","1000","","","","","196.03516","19.30133","152","241","SINGLE","AVERAGE"
"990","1000","","","","","196.03516","19.30133","152","241","SINGLE","AVERAGE"
"991","1000","","","","","196.03516","19.30133","152","241","SINGLE","AVERAGE"
"992","1000","","","","","196.03516","19.30133","152","241","SINGLE","AVERAGE"
"993","1000","","","","","196.03516","19.30133","152","241","SINGLE","AVERAGE"
"994","1000","","","","","196.03516","19.30133","152","241","SINGLE","AVERAGE"
"995","1000","","","","","196.03516","19.30133","152","241","SINGLE","AVERAGE"
"996","1000","","","","","196.03516","19.30133","152","241","SINGLE","AVERAGE"
"997","1000","","","","","196.03516","19.30133","152","241","SINGLE","AVERAGE"
"998","1000","","","","","196.03516","19.30133","152","241","SINGLE","AVERAGE"
"999","1000","","","","","196.03516","19.30133","152","241","SINGLE","AVERAGE"
"1000","1000","","","","","196.03516","19.30133","152","241","SINGLE","AVERAGE"
